ProductId,ProductName,PriceRegular,PriceSale,Category1,Category2,Category3,Category4,Category5,Category6,ProductUnitSize,Energie (kcal),Energie (kJ),Vet,waarvan verzadigd,waarvan onverzadigd,Koolhydraten,waarvan suikers,Voedingsvezel,Eiwitten,Zout,Vitamine C,Kalium/Potassium,waarvan enkelvoudig onverzadigd,waarvan meervoudig onverzadigd,Alcohol,Calcium,Vitamine B2 / Riboflavine,Vitamine B12 / Cyano-Cobalamine,Fosfor,Ijzer,Vitamine A,Vitamine D,Vitamine B11 / Foliumzuur,Jodium,Vitamine E,Linolzuur,Alfa-Linoleenzuur,Vitamine B3 / Niacine,Magnesium,Zink,Omega 3 Vetzuren,Vitamine B6 / Pyridoxine,Vitamine B1 / Thiamine,Vitamine K,Vitamine B5 / Pantotheenzuur,Koper,Natrium,waarvan polyolen,Seleen,Vitamine H / Biotine,waarvan toegevoegde suikers,Omega 6 Vetzuren,Folaat,Mangaan,Chloride,Sulfaat,Nitraten,Bicarbonaat,Siliciumdioxide (Sio2),Ash,Lactose,Glucose,Maltodextrine,Vitamin D2,Vitamine B7 / Inositol,Molybdeen,Seleen (Organisch),Eicosapentaeenzuur,Docosahexaeenzuur,waarvan zetmeel,Cholesterol,Transvet,"Organic Acids, Total","Ph, Hydrogen Ion Concentration",Fluoride,Carnitine,Choline,Taurine,Nucleotide,Arachidonzuur,Wei-Eiwit,Caseïne,Palmitinezuur,Galactose In Voedingsvezel,Fructose In Voedingsvezel,Chroom,Tafelzout Gemengd Met Een Kleine Hoeveelheid Van Verschillende Jodiumbevattende Zouten,Betaglucanen,Vitamin A; Calculated By Summation Of The Vitamin A Activities Of Retinol And The Active Carotenoids,Niacine Equivalent,Vitamine D3,Galactooligosaccharides (Gos),Vita K-1,Safranal,Omega 9 Vetzuren,Collageen hydrolysaten,Plantaardige Eiwitten,Oligomere proanthocyanidinen (OPC),Ingredients,ContainedAllergens,MayContainAllergens,NonFoodIngredients,ImageLowURL,ImageMediumURL,ImageHighURL
73,AH Franse baguettes,0.75,NA,Bakkerij,Afbakbrood,Stokbrood en ciabatta,NA,NA,NA,2 stuks,241,1023,1 g,0.2 g,0.8 g,50 g,3.3 g,1.7 g,7.2 g,0.9 g,NA,NA,NA,NA,NA,NA,NA,NA,NA,NA,NA,NA,NA,NA,NA,NA,NA,NA,NA,NA,NA,NA,NA,NA,NA,NA,NA,NA,NA,NA,NA,NA,NA,NA,NA,NA,NA,NA,NA,NA,NA,NA,NA,NA,NA,NA,NA,NA,NA,NA,NA,NA,NA,NA,NA,NA,NA,NA,NA,NA,NA,NA,NA,NA,NA,NA,NA,NA,NA,NA,NA,NA,NA,NA,NA,NA,NA,NA,"Ingrediënten: tarwebloem, water, gist, gefermenteerd tarwemeel, tarwemoutmeel, zout, antioxidant (ascorbinezuur [E300]). Waarvan toegevoegde suikers 0.00g per 100 gram en waarvan toegevoegd zout 0.90g per 100 gram","Glutenbevattende Granen, Tarwe","Melk, Sesamzaad, Gerst, Haver, Lactose, Rogge",NA,https://static.ah.nl/dam/product/AHI_43545239383738313133?revLabel=1&rendition=200x200_JPG_Q85&fileType=binary,https://static.ah.nl/dam/product/AHI_43545239383738313133?revLabel=1&rendition=400x400_JPG_Q85&fileType=binary,https://static.ah.nl/dam/product/AHI_43545239383738313133?revLabel=1&rendition=800x800_JPG_Q90&fileType=binary
103,Lea & Perrins Worcestershire saus,2.09,NA,"Soepen, sauzen, kruiden, olie","Kruiden, smaakmakers, garnering",Smaakmakers,"Tafelsauzen, toevoegingen",Worcester sauce,NA,150 ml,96,405,0.9 g,0.4 g,NA,21 g,19 g,NA,0.8 g,2.9 g,NA,NA,NA,NA,NA,NA,NA,NA,NA,NA,NA,NA,NA,NA,NA,NA,NA,NA,NA,NA,NA,NA,NA,NA,NA,NA,NA,NA,NA,NA,NA,NA,NA,NA,NA,NA,NA,NA,NA,NA,NA,NA,NA,NA,NA,NA,NA,NA,NA,NA,NA,NA,NA,NA,NA,NA,NA,NA,NA,NA,NA,NA,NA,NA,NA,NA,NA,NA,NA,NA,NA,NA,NA,NA,NA,NA,NA,NA,"Ingrediënten: Moutazijn (van GERST), alcoholazijn, melasse, suiker, zout, ansjovis (VIS), tamarinde-extract, ui, knoflook, specerijen, aroma's","Vis, Glutenbevattende Granen, Gerst",NA,NA,https://static.ah.nl/dam/product/AHI_4354523130313137313437?revLabel=1&rendition=200x200_JPG_Q85&fileType=binary,https://static.ah.nl/dam/product/AHI_4354523130313137313437?revLabel=1&rendition=400x400_JPG_Q85&fileType=binary,https://static.ah.nl/dam/product/AHI_4354523130313137313437?revLabel=1&rendition=800x800_JPG_Q90&fileType=binary
107,AH Aardappelballetjes,1.85,NA,Diepvries,Diepvries aardappelproducten,Aardappelballetjes,NA,NA,NA,600 g,137,575,4.4 g,0.5 g,3.9 g,21 g,0.7 g,2.2 g,2.2 g,0.7 g,NA,NA,NA,NA,NA,NA,NA,NA,NA,NA,NA,NA,NA,NA,NA,NA,NA,NA,NA,NA,NA,NA,NA,NA,NA,NA,NA,NA,NA,NA,NA,NA,NA,NA,NA,NA,NA,NA,NA,NA,NA,NA,NA,NA,NA,NA,NA,NA,NA,NA,NA,NA,NA,NA,NA,NA,NA,NA,NA,NA,NA,NA,NA,NA,NA,NA,NA,NA,NA,NA,NA,NA,NA,NA,NA,NA,NA,NA,"Ingrediënten: 88% aardappel, 6,4% aardappelvlok, plantaardige olie (4,7% zonnebloem, raap), zout, stabilisator (hydroxypropylmethylcellulose [E464]), specerijenextract. Waarvan toegevoegde suikers 0.00g per 100 gram en waarvan toegevoegd zout 0.70g per 100 gram",NA,"Melk, Glutenbevattende Granen, Lactose, Tarwe",NA,https://static.ah.nl/dam/product/AHI_434d50303130393731?revLabel=4&rendition=200x200_JPG_Q85&fileType=binary,https://static.ah.nl/dam/product/AHI_434d50303130393731?revLabel=4&rendition=400x400_JPG_Q85&fileType=binary,https://static.ah.nl/dam/product/AHI_434d50303130393731?revLabel=4&rendition=800x800_JPG_Q90&fileType=binary
123,Campina Halfvolle yoghurt vanillesmaak,1.79,NA,"Zuivel, eieren, boter",Yoghurt en kwark,Yoghurt,Yoghurt met smaak,Vanille yoghurt,NA,1 l,78,331,1.6 g,1.1 g,NA,12.2 g,11 g,NA,3.1 g,0.11 g,NA,NA,NA,NA,NA,NA,NA,NA,NA,NA,NA,NA,NA,NA,NA,NA,NA,NA,NA,NA,NA,NA,NA,NA,NA,NA,NA,NA,NA,NA,NA,NA,NA,NA,NA,NA,NA,NA,NA,NA,NA,NA,NA,NA,NA,NA,NA,NA,NA,NA,NA,NA,NA,NA,NA,NA,NA,NA,NA,NA,NA,NA,NA,NA,NA,NA,NA,NA,NA,NA,NA,NA,NA,NA,NA,NA,NA,NA,"Ingrediënten: halfvolle YOGHURT, suiker, gemodificeerd maïszetmeel, aroma, kleurstoffen: curcumine en annato ",Melk,NA,NA,https://static.ah.nl/dam/product/AHI_4354523130313134373236?revLabel=1&rendition=200x200_JPG_Q85&fileType=binary,https://static.ah.nl/dam/product/AHI_4354523130313134373236?revLabel=1&rendition=400x400_JPG_Q85&fileType=binary,https://static.ah.nl/dam/product/AHI_4354523130313134373236?revLabel=1&rendition=800x800_JPG_Q90&fileType=binary
141,AH Galia meloen,2.99,NA,"Aardappel, groente, fruit",Fruit,"Meloen, kokosnoot",Meloenen,Galia meloen,NA,per stuk,NA,NA,NA,NA,NA,NA,NA,NA,NA,NA,NA,NA,NA,NA,NA,NA,NA,NA,NA,NA,NA,NA,NA,NA,NA,NA,NA,NA,NA,NA,NA,NA,NA,NA,NA,NA,NA,NA,NA,NA,NA,NA,NA,NA,NA,NA,NA,NA,NA,NA,NA,NA,NA,NA,NA,NA,NA,NA,NA,NA,NA,NA,NA,NA,NA,NA,NA,NA,NA,NA,NA,NA,NA,NA,NA,NA,NA,NA,NA,NA,NA,NA,NA,NA,NA,NA,NA,NA,NA,NA,NA,NA,https://static.ah.nl/dam/product/AHI_434d50303133303437?revLabel=3&rendition=200x200_JPG_Q85&fileType=binary,https://static.ah.nl/dam/product/AHI_434d50303133303437?revLabel=3&rendition=400x400_JPG_Q85&fileType=binary,https://static.ah.nl/dam/product/AHI_434d50303133303437?revLabel=3&rendition=800x800_JPG_Q90&fileType=binary
159,AH Koffiefilters no2,0.79,NA,"Koffie, thee",Koffie,Koffieverrijkers,"Koffiefilters, suiker",Koffiefilter en overige,Koffiefilters,80 stuks,NA,NA,NA,NA,NA,NA,NA,NA,NA,NA,NA,NA,NA,NA,NA,NA,NA,NA,NA,NA,NA,NA,NA,NA,NA,NA,NA,NA,NA,NA,NA,NA,NA,NA,NA,NA,NA,NA,NA,NA,NA,NA,NA,NA,NA,NA,NA,NA,NA,NA,NA,NA,NA,NA,NA,NA,NA,NA,NA,NA,NA,NA,NA,NA,NA,NA,NA,NA,NA,NA,NA,NA,NA,NA,NA,NA,NA,NA,NA,NA,NA,NA,NA,NA,NA,NA,NA,NA,Ingrediënten:,NA,NA,NA,https://static.ah.nl/dam/product/AHI_4354523130303637303736?revLabel=1&rendition=200x200_JPG_Q85&fileType=binary,https://static.ah.nl/dam/product/AHI_4354523130303637303736?revLabel=1&rendition=400x400_JPG_Q85&fileType=binary,https://static.ah.nl/dam/product/AHI_4354523130303637303736?revLabel=1&rendition=800x800_JPG_Q90&fileType=binary
257,AH Roomkaas met kruiden,0.85,NA,Ontbijtgranen en beleg,Kaas beleg,Roomkaas,Roomkaas (kruiden),NA,NA,125 g,288,1190,28 g,18 g,7.2 g,4.4 g,4.2 g,0.1 g,4.6 g,1.4 g,NA,NA,NA,NA,NA,NA,NA,NA,NA,NA,NA,NA,NA,NA,NA,NA,NA,NA,NA,NA,NA,NA,NA,NA,NA,NA,NA,NA,NA,NA,NA,NA,NA,NA,NA,NA,NA,NA,NA,NA,NA,NA,NA,NA,NA,NA,NA,NA,NA,NA,NA,NA,NA,NA,NA,NA,NA,NA,NA,NA,NA,NA,NA,NA,NA,NA,NA,NA,NA,NA,NA,NA,NA,NA,NA,NA,NA,NA,"Ingrediënten: melk, 43% room, roomboter, lactose, zout, natuurlijke aroma’s, peterselie, zuurteregelaar (melkzuur [E270], citroenzuur [E330]), specerijen, mierikswortel, azijn, raapolie, zuursel, antioxidant (natriumdisulfiet [E223]). Waarvan toegevoegde suikers 1.6g per 100 gram en waarvan toegevoegd zout 1.40g per 100 gram","Melk, Lactose",NA,NA,https://static.ah.nl/dam/product/AHI_43545239383338323334?revLabel=1&rendition=200x200_JPG_Q85&fileType=binary,https://static.ah.nl/dam/product/AHI_43545239383338323334?revLabel=1&rendition=400x400_JPG_Q85&fileType=binary,https://static.ah.nl/dam/product/AHI_43545239383338323334?revLabel=1&rendition=800x800_JPG_Q90&fileType=binary
284,Chiarli 1860 Lambrusco bianco,2.79,NA,Wijn en bubbels,Witte wijn,Overige witte wijn,NA,NA,NA,"0,75 l",NA,NA,NA,NA,NA,NA,NA,NA,NA,NA,NA,NA,NA,NA,NA,NA,NA,NA,NA,NA,NA,NA,NA,NA,NA,NA,NA,NA,NA,NA,NA,NA,NA,NA,NA,NA,NA,NA,NA,NA,NA,NA,NA,NA,NA,NA,NA,NA,NA,NA,NA,NA,NA,NA,NA,NA,NA,NA,NA,NA,NA,NA,NA,NA,NA,NA,NA,NA,NA,NA,NA,NA,NA,NA,NA,NA,NA,NA,NA,NA,NA,NA,NA,NA,NA,NA,NA,NA,Contains sulfites,Sulfieten,NA,NA,https://static.ah.nl/dam/product/AHI_4354523130303938333234?revLabel=1&rendition=200x200_JPG_Q85&fileType=binary,https://static.ah.nl/dam/product/AHI_4354523130303938333234?revLabel=1&rendition=400x400_JPG_Q85&fileType=binary,https://static.ah.nl/dam/product/AHI_4354523130303938333234?revLabel=1&rendition=800x800_JPG_Q90&fileType=binary
305,Cave de Beblenheim Riesling,7.29,NA,Wijn en bubbels,Witte wijn,Witte wijn - Fris en droog,Riesling (Fris en droog),NA,NA,"0,75 l",NA,NA,NA,NA,NA,NA,NA,NA,NA,NA,NA,NA,NA,NA,NA,NA,NA,NA,NA,NA,NA,NA,NA,NA,NA,NA,NA,NA,NA,NA,NA,NA,NA,NA,NA,NA,NA,NA,NA,NA,NA,NA,NA,NA,NA,NA,NA,NA,NA,NA,NA,NA,NA,NA,NA,NA,NA,NA,NA,NA,NA,NA,NA,NA,NA,NA,NA,NA,NA,NA,NA,NA,NA,NA,NA,NA,NA,NA,NA,NA,NA,NA,NA,NA,NA,NA,NA,NA,Contains sulfites,Sulfieten,NA,NA,https://static.ah.nl/dam/product/AHI_434d50323233353530?revLabel=4&rendition=200x200_JPG_Q85&fileType=binary,https://static.ah.nl/dam/product/AHI_434d50323233353530?revLabel=4&rendition=400x400_JPG_Q85&fileType=binary,https://static.ah.nl/dam/product/AHI_434d50323233353530?revLabel=4&rendition=800x800_JPG_Q90&fileType=binary
307,Cave de Beblenheim Pinot blanc,5.79,NA,Wijn en bubbels,Witte wijn,Witte wijn - Fris en droog,Pinot Blanc (Fris en droog),NA,NA,"0,75 l",NA,NA,NA,NA,NA,NA,NA,NA,NA,NA,NA,NA,NA,NA,NA,NA,NA,NA,NA,NA,NA,NA,NA,NA,NA,NA,NA,NA,NA,NA,NA,NA,NA,NA,NA,NA,NA,NA,NA,NA,NA,NA,NA,NA,NA,NA,NA,NA,NA,NA,NA,NA,NA,NA,NA,NA,NA,NA,NA,NA,NA,NA,NA,NA,NA,NA,NA,NA,NA,NA,NA,NA,NA,NA,NA,NA,NA,NA,NA,NA,NA,NA,NA,NA,NA,NA,NA,NA,Contains sulfites,Sulfieten,NA,NA,https://static.ah.nl/dam/product/AHI_4354523130303936323032?revLabel=1&rendition=200x200_JPG_Q85&fileType=binary,https://static.ah.nl/dam/product/AHI_4354523130303936323032?revLabel=1&rendition=400x400_JPG_Q85&fileType=binary,https://static.ah.nl/dam/product/AHI_4354523130303936323032?revLabel=1&rendition=800x800_JPG_Q90&fileType=binary
309,AH Fruitcocktail siroop,1.69,NA,"Aardappel, groente, fruit",Fruit,Fruitconserven,Fruitmix (conserven),NA,NA,411 g,49,209,0.1 g,0.1 g,0 g,11 g,9.8 g,1.4 g,0.4 g,0.03 g,NA,NA,NA,NA,NA,NA,NA,NA,NA,NA,NA,NA,NA,NA,NA,NA,NA,NA,NA,NA,NA,NA,NA,NA,NA,NA,NA,NA,NA,NA,NA,NA,NA,NA,NA,NA,NA,NA,NA,NA,NA,NA,NA,NA,NA,NA,NA,NA,NA,NA,NA,NA,NA,NA,NA,NA,NA,NA,NA,NA,NA,NA,NA,NA,NA,NA,NA,NA,NA,NA,NA,NA,NA,NA,NA,NA,NA,NA,"Ingrediënten: fruit (30% perzik, 24% peer, 3,7% ananas, 3,7% druif, 1,2% kers), water, glucose-fructosestroop, suiker, zuurteregelaar (ascorbinezuur [E300]), antioxidant (citroenzuur [E330]), kleurstof (erytrosine [E127]). Waarvan toegevoegde suikers 8.9g per 100 gram en waarvan toegevoegd zout 0.00g per 100 gram",NA,NA,NA,https://static.ah.nl/dam/product/AHI_43545239363338373839?revLabel=1&rendition=200x200_JPG_Q85&fileType=binary,https://static.ah.nl/dam/product/AHI_43545239363338373839?revLabel=1&rendition=400x400_JPG_Q85&fileType=binary,https://static.ah.nl/dam/product/AHI_43545239363338373839?revLabel=1&rendition=800x800_JPG_Q90&fileType=binary
317,AH Amsterdamse uien,0.85,NA,"Aardappel, groente, fruit",Groente,Groenteconserven,"Augurken, uitjes",Uitjes,NA,320 g,39,165,0.2 g,0 g,0.2 g,6.4 g,6 g,1.5 g,1.5 g,0.7 g,NA,NA,NA,NA,NA,NA,NA,NA,NA,NA,NA,NA,NA,NA,NA,NA,NA,NA,NA,NA,NA,NA,NA,NA,NA,NA,NA,NA,NA,NA,NA,NA,NA,NA,NA,NA,NA,NA,NA,NA,NA,NA,NA,NA,NA,NA,NA,NA,NA,NA,NA,NA,NA,NA,NA,NA,NA,NA,NA,NA,NA,NA,NA,NA,NA,NA,NA,NA,NA,NA,NA,NA,NA,NA,NA,NA,NA,NA,"Ingrediënten: zilverui, water, azijn, suiker, zout, aroma's, kurkuma-extract, antioxidant (natriumdisulfiet [E223]), kleurstof (riboflavine [E101]). Waarvan toegevoegde suikers 3.6g per 100 gram en waarvan toegevoegd zout 0.70g per 100 gram",Sulfieten,NA,NA,https://static.ah.nl/dam/product/AHI_4354523130303934373635?revLabel=1&rendition=200x200_JPG_Q85&fileType=binary,https://static.ah.nl/dam/product/AHI_4354523130303934373635?revLabel=1&rendition=400x400_JPG_Q85&fileType=binary,https://static.ah.nl/dam/product/AHI_4354523130303934373635?revLabel=1&rendition=800x800_JPG_Q90&fileType=binary
319,Greenminds Schrijfblok A4 gelinieerd,2.59,NA,"Koken, tafelen, vrije tijd",Kantoorartikelen,Papierwaren,"Schriften, notitieboekjes",Blocnotes,NA,per stuk,NA,NA,NA,NA,NA,NA,NA,NA,NA,NA,NA,NA,NA,NA,NA,NA,NA,NA,NA,NA,NA,NA,NA,NA,NA,NA,NA,NA,NA,NA,NA,NA,NA,NA,NA,NA,NA,NA,NA,NA,NA,NA,NA,NA,NA,NA,NA,NA,NA,NA,NA,NA,NA,NA,NA,NA,NA,NA,NA,NA,NA,NA,NA,NA,NA,NA,NA,NA,NA,NA,NA,NA,NA,NA,NA,NA,NA,NA,NA,NA,NA,NA,NA,NA,NA,NA,NA,NA,NA,NA,NA,NA,https://static.ah.nl/dam/product/AHI_43545239383339303731?revLabel=1&rendition=200x200_JPG_Q85&fileType=binary,https://static.ah.nl/dam/product/AHI_43545239383339303731?revLabel=1&rendition=400x400_JPG_Q85&fileType=binary,https://static.ah.nl/dam/product/AHI_43545239383339303731?revLabel=1&rendition=800x800_JPG_Q90&fileType=binary
334,AH Blik brokjes zalm forel,0.79,NA,Huisdier,Katten,Nat kattenvoer,Kattenvoer Singlepack,NA,NA,415 g,NA,NA,NA,NA,NA,NA,NA,NA,NA,NA,NA,NA,NA,NA,NA,NA,NA,NA,NA,NA,NA,NA,NA,NA,NA,NA,NA,NA,NA,NA,NA,NA,NA,NA,NA,NA,NA,NA,NA,NA,NA,NA,NA,NA,NA,NA,NA,NA,NA,NA,NA,NA,NA,NA,NA,NA,NA,NA,NA,NA,NA,NA,NA,NA,NA,NA,NA,NA,NA,NA,NA,NA,NA,NA,NA,NA,NA,NA,NA,NA,NA,NA,NA,NA,NA,NA,NA,NA,NA,NA,NA,NA,https://static.ah.nl/dam/product/AHI_4354523130303039363735?revLabel=1&rendition=200x200_JPG_Q85&fileType=binary,https://static.ah.nl/dam/product/AHI_4354523130303039363735?revLabel=1&rendition=400x400_JPG_Q85&fileType=binary,https://static.ah.nl/dam/product/AHI_4354523130303039363735?revLabel=1&rendition=800x800_JPG_Q90&fileType=binary
336,AH Blik brokjes wild gevogelte,0.79,NA,Huisdier,Katten,Nat kattenvoer,Kattenvoer Singlepack,NA,NA,415 g,NA,NA,NA,NA,NA,NA,NA,NA,NA,NA,NA,NA,NA,NA,NA,NA,NA,NA,NA,NA,NA,NA,NA,NA,NA,NA,NA,NA,NA,NA,NA,NA,NA,NA,NA,NA,NA,NA,NA,NA,NA,NA,NA,NA,NA,NA,NA,NA,NA,NA,NA,NA,NA,NA,NA,NA,NA,NA,NA,NA,NA,NA,NA,NA,NA,NA,NA,NA,NA,NA,NA,NA,NA,NA,NA,NA,NA,NA,NA,NA,NA,NA,NA,NA,NA,NA,NA,NA,NA,NA,NA,NA,https://static.ah.nl/dam/product/AHI_4354523130303039363732?revLabel=1&rendition=200x200_JPG_Q85&fileType=binary,https://static.ah.nl/dam/product/AHI_4354523130303039363732?revLabel=1&rendition=400x400_JPG_Q85&fileType=binary,https://static.ah.nl/dam/product/AHI_4354523130303039363732?revLabel=1&rendition=800x800_JPG_Q90&fileType=binary
337,AH Blik brokjes kip kalkoen,0.79,NA,Huisdier,Katten,Nat kattenvoer,Kattenvoer Singlepack,NA,NA,415 g,NA,NA,NA,NA,NA,NA,NA,NA,NA,NA,NA,NA,NA,NA,NA,NA,NA,NA,NA,NA,NA,NA,NA,NA,NA,NA,NA,NA,NA,NA,NA,NA,NA,NA,NA,NA,NA,NA,NA,NA,NA,NA,NA,NA,NA,NA,NA,NA,NA,NA,NA,NA,NA,NA,NA,NA,NA,NA,NA,NA,NA,NA,NA,NA,NA,NA,NA,NA,NA,NA,NA,NA,NA,NA,NA,NA,NA,NA,NA,NA,NA,NA,NA,NA,NA,NA,NA,NA,NA,NA,NA,NA,https://static.ah.nl/dam/product/AHI_43545239393934323636?revLabel=1&rendition=200x200_JPG_Q85&fileType=binary,https://static.ah.nl/dam/product/AHI_43545239393934323636?revLabel=1&rendition=400x400_JPG_Q85&fileType=binary,https://static.ah.nl/dam/product/AHI_43545239393934323636?revLabel=1&rendition=800x800_JPG_Q90&fileType=binary
341,AH Pate met rund en lever,0.85,NA,Huisdier,Katten,Nat kattenvoer,Kattenvoer Singlepack,NA,NA,400 g,NA,NA,NA,NA,NA,NA,NA,NA,NA,NA,NA,NA,NA,NA,NA,NA,NA,NA,NA,NA,NA,NA,NA,NA,NA,NA,NA,NA,NA,NA,NA,NA,NA,NA,NA,NA,NA,NA,NA,NA,NA,NA,NA,NA,NA,NA,NA,NA,NA,NA,NA,NA,NA,NA,NA,NA,NA,NA,NA,NA,NA,NA,NA,NA,NA,NA,NA,NA,NA,NA,NA,NA,NA,NA,NA,NA,NA,NA,NA,NA,NA,NA,NA,NA,NA,NA,NA,NA,NA,NA,NA,NA,https://static.ah.nl/dam/product/AHI_4354523130303932373239?revLabel=1&rendition=200x200_JPG_Q85&fileType=binary,https://static.ah.nl/dam/product/AHI_4354523130303932373239?revLabel=1&rendition=400x400_JPG_Q85&fileType=binary,https://static.ah.nl/dam/product/AHI_4354523130303932373239?revLabel=1&rendition=800x800_JPG_Q90&fileType=binary
347,AH Blik pate rund wild,0.99,NA,Huisdier,Honden,Nat hondenvoer,NA,NA,NA,400 g,NA,NA,NA,NA,NA,NA,NA,NA,NA,NA,NA,NA,NA,NA,NA,NA,NA,NA,NA,NA,NA,NA,NA,NA,NA,NA,NA,NA,NA,NA,NA,NA,NA,NA,NA,NA,NA,NA,NA,NA,NA,NA,NA,NA,NA,NA,NA,NA,NA,NA,NA,NA,NA,NA,NA,NA,NA,NA,NA,NA,NA,NA,NA,NA,NA,NA,NA,NA,NA,NA,NA,NA,NA,NA,NA,NA,NA,NA,NA,NA,NA,NA,NA,NA,NA,NA,NA,NA,NA,NA,NA,NA,https://static.ah.nl/dam/product/AHI_4354523130303038313737?revLabel=1&rendition=200x200_JPG_Q85&fileType=binary,https://static.ah.nl/dam/product/AHI_4354523130303038313737?revLabel=1&rendition=400x400_JPG_Q85&fileType=binary,https://static.ah.nl/dam/product/AHI_4354523130303038313737?revLabel=1&rendition=800x800_JPG_Q90&fileType=binary
435,Conqueror Port tawny,7.19,NA,Wijn en bubbels,"Port, sherry en vermouth",Port,Rode port,Tawny port,NA,"0,75 l",NA,NA,NA,NA,NA,NA,NA,NA,NA,NA,NA,NA,NA,NA,NA,NA,NA,NA,NA,NA,NA,NA,NA,NA,NA,NA,NA,NA,NA,NA,NA,NA,NA,NA,NA,NA,NA,NA,NA,NA,NA,NA,NA,NA,NA,NA,NA,NA,NA,NA,NA,NA,NA,NA,NA,NA,NA,NA,NA,NA,NA,NA,NA,NA,NA,NA,NA,NA,NA,NA,NA,NA,NA,NA,NA,NA,NA,NA,NA,NA,NA,NA,NA,NA,NA,NA,NA,NA,Contains sulfites,Sulfieten,NA,NA,https://static.ah.nl/dam/product/AHI_43545239393434363533?revLabel=1&rendition=200x200_JPG_Q85&fileType=binary,https://static.ah.nl/dam/product/AHI_43545239393434363533?revLabel=1&rendition=400x400_JPG_Q85&fileType=binary,https://static.ah.nl/dam/product/AHI_43545239393434363533?revLabel=1&rendition=800x800_JPG_Q90&fileType=binary
446,Grolsch Premium pilsner bier 6-pack,6.79,NA,Bier en aperitieven,Bier,Pils,Pils - blik,NA,NA,"6 x 0,33 l",40,165,0 g,0 g,NA,2.5 g,0 g,NA,0.5 g,< 0.01 g,NA,NA,NA,NA,NA,NA,NA,NA,NA,NA,NA,NA,NA,NA,NA,NA,NA,NA,NA,NA,NA,NA,NA,NA,NA,NA,NA,NA,NA,NA,NA,NA,NA,NA,NA,NA,NA,NA,NA,NA,NA,NA,NA,NA,NA,NA,NA,NA,NA,NA,NA,NA,NA,NA,NA,NA,NA,NA,NA,NA,NA,NA,NA,NA,NA,NA,NA,NA,NA,NA,NA,NA,NA,NA,NA,NA,NA,NA,"Ingrediënten: water, GERSTEMOUT en hop.","Gerst, Glutenbevattende Granen",NA,NA,https://static.ah.nl/dam/product/AHI_43545239393432383631?revLabel=1&rendition=200x200_JPG_Q85&fileType=binary,https://static.ah.nl/dam/product/AHI_43545239393432383631?revLabel=1&rendition=400x400_JPG_Q85&fileType=binary,https://static.ah.nl/dam/product/AHI_43545239393432383631?revLabel=1&rendition=800x800_JPG_Q90&fileType=binary
487,Appelsientje Tomatientje,2.39,NA,"Frisdrank, sappen, siropen, water","Verse sappen, smoothies",Groentesappen,Groentesap & drank (gekoeld),NA,NA,1 l,17,72,0 g,0 g,NA,2.8 g,2.8 g,1.09 g,0.7 g,0.46 g,15 mg,231 mg,NA,NA,NA,NA,NA,NA,NA,NA,NA,NA,NA,NA,NA,NA,NA,NA,NA,NA,NA,NA,NA,NA,NA,NA,NA,NA,NA,NA,NA,NA,NA,NA,NA,NA,NA,NA,NA,NA,NA,NA,NA,NA,NA,NA,NA,NA,NA,NA,NA,NA,NA,NA,NA,NA,NA,NA,NA,NA,NA,NA,NA,NA,NA,NA,NA,NA,NA,NA,NA,NA,NA,NA,NA,NA,NA,NA,"Ingrediënten: Tomaten-groentesap uit concentraat (tomaat 85%, SELDERIJ 9,7%, wortel, paprika 2,5%, rode biet, lavas, citroen, spinazie, ui, peterselie, basilicum), zout, vitamine C ",Selderij,NA,NA,https://static.ah.nl/dam/product/AHI_4354523130303835363830?revLabel=1&rendition=200x200_JPG_Q85&fileType=binary,https://static.ah.nl/dam/product/AHI_4354523130303835363830?revLabel=1&rendition=400x400_JPG_Q85&fileType=binary,https://static.ah.nl/dam/product/AHI_4354523130303835363830?revLabel=1&rendition=800x800_JPG_Q90&fileType=binary
562,Glorix original bleek,1.59,NA,Huishouden,Schoonmaakmiddelen,Bleekmiddel,NA,NA,NA,"0,75 l",NA,NA,NA,NA,NA,NA,NA,NA,NA,NA,NA,NA,NA,NA,NA,NA,NA,NA,NA,NA,NA,NA,NA,NA,NA,NA,NA,NA,NA,NA,NA,NA,NA,NA,NA,NA,NA,NA,NA,NA,NA,NA,NA,NA,NA,NA,NA,NA,NA,NA,NA,NA,NA,NA,NA,NA,NA,NA,NA,NA,NA,NA,NA,NA,NA,NA,NA,NA,NA,NA,NA,NA,NA,NA,NA,NA,NA,NA,NA,NA,NA,NA,NA,NA,NA,NA,NA,NA,NA,NA,NA,"INGREDIËNTEN: <5%: Chloorbleekmiddel, Niet-ionogene oppervlakteactieve stoffen, Zeep, Parfum.",https://static.ah.nl/dam/product/AHI_43545239393937353637?revLabel=1&rendition=200x200_JPG_Q85&fileType=binary,https://static.ah.nl/dam/product/AHI_43545239393937353637?revLabel=1&rendition=400x400_JPG_Q85&fileType=binary,https://static.ah.nl/dam/product/AHI_43545239393937353637?revLabel=1&rendition=800x800_JPG_Q90&fileType=binary
565,AH Vuilnisemmerzakken 35L,2.19,NA,Huishouden,"Huishoudfolies, huishoudzakken",Vuilniszakken,Pedaalemmerzakken,NA,NA,20 stuks,NA,NA,NA,NA,NA,NA,NA,NA,NA,NA,NA,NA,NA,NA,NA,NA,NA,NA,NA,NA,NA,NA,NA,NA,NA,NA,NA,NA,NA,NA,NA,NA,NA,NA,NA,NA,NA,NA,NA,NA,NA,NA,NA,NA,NA,NA,NA,NA,NA,NA,NA,NA,NA,NA,NA,NA,NA,NA,NA,NA,NA,NA,NA,NA,NA,NA,NA,NA,NA,NA,NA,NA,NA,NA,NA,NA,NA,NA,NA,NA,NA,NA,NA,NA,NA,NA,NA,NA,Vervaardigd van: gerecycled plastic consumentenafval.,NA,NA,NA,https://static.ah.nl/dam/product/AHI_43545239383731383333?revLabel=1&rendition=200x200_JPG_Q85&fileType=binary,https://static.ah.nl/dam/product/AHI_43545239383731383333?revLabel=1&rendition=400x400_JPG_Q85&fileType=binary,https://static.ah.nl/dam/product/AHI_43545239383731383333?revLabel=1&rendition=800x800_JPG_Q90&fileType=binary
624,AH Servetten 2-laags 33x33 cm wit,1.99,NA,"Koken, tafelen, vrije tijd",Tafelen,Servetten,Reguliere servetten,NA,NA,50 stuks,NA,NA,NA,NA,NA,NA,NA,NA,NA,NA,NA,NA,NA,NA,NA,NA,NA,NA,NA,NA,NA,NA,NA,NA,NA,NA,NA,NA,NA,NA,NA,NA,NA,NA,NA,NA,NA,NA,NA,NA,NA,NA,NA,NA,NA,NA,NA,NA,NA,NA,NA,NA,NA,NA,NA,NA,NA,NA,NA,NA,NA,NA,NA,NA,NA,NA,NA,NA,NA,NA,NA,NA,NA,NA,NA,NA,NA,NA,NA,NA,NA,NA,NA,NA,NA,NA,NA,NA,Ingrediënten:,NA,NA,NA,https://static.ah.nl/dam/product/AHI_4354523130303835373339?revLabel=1&rendition=200x200_JPG_Q85&fileType=binary,https://static.ah.nl/dam/product/AHI_4354523130303835373339?revLabel=1&rendition=400x400_JPG_Q85&fileType=binary,https://static.ah.nl/dam/product/AHI_4354523130303835373339?revLabel=1&rendition=800x800_JPG_Q90&fileType=binary
632,AH Tissues zacht & sterk,1.49,NA,Drogisterij,"Tissues, watten",Tissues,NA,NA,NA,100 stuks,NA,NA,NA,NA,NA,NA,NA,NA,NA,NA,NA,NA,NA,NA,NA,NA,NA,NA,NA,NA,NA,NA,NA,NA,NA,NA,NA,NA,NA,NA,NA,NA,NA,NA,NA,NA,NA,NA,NA,NA,NA,NA,NA,NA,NA,NA,NA,NA,NA,NA,NA,NA,NA,NA,NA,NA,NA,NA,NA,NA,NA,NA,NA,NA,NA,NA,NA,NA,NA,NA,NA,NA,NA,NA,NA,NA,NA,NA,NA,NA,NA,NA,NA,NA,NA,NA,NA,NA,NA,NA,NA,NA,https://static.ah.nl/dam/product/AHI_43545239373737393133?revLabel=1&rendition=200x200_JPG_Q85&fileType=binary,https://static.ah.nl/dam/product/AHI_43545239373737393133?revLabel=1&rendition=400x400_JPG_Q85&fileType=binary,https://static.ah.nl/dam/product/AHI_43545239373737393133?revLabel=1&rendition=800x800_JPG_Q90&fileType=binary
648,AH Dikke bleek,0.89,NA,Huishouden,Schoonmaakmiddelen,Bleekmiddel,NA,NA,NA,"0,75 l",NA,NA,NA,NA,NA,NA,NA,NA,NA,NA,NA,NA,NA,NA,NA,NA,NA,NA,NA,NA,NA,NA,NA,NA,NA,NA,NA,NA,NA,NA,NA,NA,NA,NA,NA,NA,NA,NA,NA,NA,NA,NA,NA,NA,NA,NA,NA,NA,NA,NA,NA,NA,NA,NA,NA,NA,NA,NA,NA,NA,NA,NA,NA,NA,NA,NA,NA,NA,NA,NA,NA,NA,NA,NA,NA,NA,NA,NA,NA,NA,NA,NA,NA,NA,NA,NA,NA,NA,"AH Dikke bleek bevat o.a. de volgendeIngrediënten:Zeep, Niet-ionogene oppervlakteactieve stoffen, Chloorbleekmiddelen. <5%",NA,NA,"AQUA, SODIUM HYPOCHLORITE, MYRISTAMINE OXIDE, SODIUM HYDROXIDE, SODIUM LAURATE, SODIUM XYLENESULFONATE, SODIUM PERIODATE.",https://static.ah.nl/dam/product/AHI_43545239363430383439?revLabel=1&rendition=200x200_JPG_Q85&fileType=binary,https://static.ah.nl/dam/product/AHI_43545239363430383439?revLabel=1&rendition=400x400_JPG_Q85&fileType=binary,https://static.ah.nl/dam/product/AHI_43545239363430383439?revLabel=1&rendition=800x800_JPG_Q90&fileType=binary
651,AH Afwasmiddel citrus,1.19,NA,Huishouden,"Vaatwas, afwasmiddel",Afwasmiddel,NA,NA,NA,"0,5 l",NA,NA,NA,NA,NA,NA,NA,NA,NA,NA,NA,NA,NA,NA,NA,NA,NA,NA,NA,NA,NA,NA,NA,NA,NA,NA,NA,NA,NA,NA,NA,NA,NA,NA,NA,NA,NA,NA,NA,NA,NA,NA,NA,NA,NA,NA,NA,NA,NA,NA,NA,NA,NA,NA,NA,NA,NA,NA,NA,NA,NA,NA,NA,NA,NA,NA,NA,NA,NA,NA,NA,NA,NA,NA,NA,NA,NA,NA,NA,NA,NA,NA,NA,NA,NA,NA,NA,NA,"AH Afwasmiddel citrus bevat o.a. de volgende Ingrediënten: Anionogene oppervlakteactieve stoffen, 15%-30% Niet-ionogene oppervlakteactieve stoffen, 5%-15% Amfotere oppervlakteactieve stoffen. <5% Parfums (HEXYL CINNAMAL, LIMONENE), Conserveringsmiddelen (METHYLCHLOROISOTHIAZOLINONE AND METHYLISOTHIAZOLINONE).",NA,NA,AQUA SODIUM LAURETH SULFATE SODIUM C14-16 OLEFIN SULFONATE COCAMIDOPROPYLAMINE OXIDE COCAMIDOPROPYL BETAINE C10 PARETH-8 SODIUM CHLORIDE SODIUM XYLENESULFONATE PARFUM CITRIC ACID POLYETHYLENEIMINE ETHOXYLATED COLORANT METHYLCHLOROISOTHIAZOLINONE AND METHYLISOTHIAZOLINONE LIMONENE HEXYL CINNAMAL,https://static.ah.nl/dam/product/AHI_43545239363734383431?revLabel=1&rendition=200x200_JPG_Q85&fileType=binary,https://static.ah.nl/dam/product/AHI_43545239363734383431?revLabel=1&rendition=400x400_JPG_Q85&fileType=binary,https://static.ah.nl/dam/product/AHI_43545239363734383431?revLabel=1&rendition=800x800_JPG_Q90&fileType=binary
732,AH Pizzabroodjes salami,1.39,NA,Diepvries,Diepvries pizza,Pizzabroodjes,NA,NA,NA,2 x 125 g,234,984,7.5 g,3.2 g,4.3 g,31 g,3.7 g,2.4 g,9.4 g,1.3 g,NA,NA,NA,NA,NA,NA,NA,NA,NA,NA,NA,NA,NA,NA,NA,NA,NA,NA,NA,NA,NA,NA,NA,NA,NA,NA,NA,NA,NA,NA,NA,NA,NA,NA,NA,NA,NA,NA,NA,NA,NA,NA,NA,NA,NA,NA,NA,NA,NA,NA,NA,NA,NA,NA,NA,NA,NA,NA,NA,NA,NA,NA,NA,NA,NA,NA,NA,NA,NA,NA,NA,NA,NA,NA,NA,NA,NA,NA,"Ingrediënten: tarwebloem, water, melk, groente (3% gele paprika, 2,5% rode ui, 2,5% tomaat, 1,5% prei), 4,5% varkensvlees, tomatenconcentraat, varkensvet, raapolie, gist, zout, zetmeel (aardappel, tarwe), kruiden, suiker, zuursel, specerijenextract, dextrose, specerijen, glucosestroop, antioxidant (natriumerythorbaat [E316], extracten van rozemarijn [E392]), stremsel, conserveermiddel (natriumnitriet [E250]), rook. Waarvan toegevoegde suikers 0.2g per 100 gram en waarvan toegevoegd zout 1.04g per 100 gram","Melk, Glutenbevattende Granen, Lactose, Tarwe",Selderij,NA,https://static.ah.nl/dam/product/AHI_43545239363336303733?revLabel=1&rendition=200x200_JPG_Q85&fileType=binary,https://static.ah.nl/dam/product/AHI_43545239363336303733?revLabel=1&rendition=400x400_JPG_Q85&fileType=binary,https://static.ah.nl/dam/product/AHI_43545239363336303733?revLabel=1&rendition=800x800_JPG_Q90&fileType=binary
737,AH Pizza kaas tomaat,1.59,NA,Diepvries,Diepvries pizza,Pizza (dunne bodem),NA,NA,NA,300 g,234,983,8.6 g,2.7 g,5.9 g,29 g,4.5 g,2.3 g,9 g,1.03 g,NA,NA,NA,NA,NA,NA,NA,NA,NA,NA,NA,NA,NA,NA,NA,NA,NA,NA,NA,NA,NA,NA,NA,NA,NA,NA,NA,NA,NA,NA,NA,NA,NA,NA,NA,NA,NA,NA,NA,NA,NA,NA,NA,NA,NA,NA,NA,NA,NA,NA,NA,NA,NA,NA,NA,NA,NA,NA,NA,NA,NA,NA,NA,NA,NA,NA,NA,NA,NA,NA,NA,NA,NA,NA,NA,NA,NA,NA,"Ingrediënten: tarwebloem, 32% tomatenpuree, melk, water, raapolie, suiker, gist, zetmeel (aardappelzetmeel, tarwezetmeel), zout, kruiden, zuursel, specerijen, microbieel stremsel. Waarvan toegevoegde suikers 1.3g per 100 gram en waarvan toegevoegd zout 1.02g per 100 gram","Melk, Glutenbevattende Granen, Lactose, Tarwe",Selderij,NA,https://static.ah.nl/dam/product/AHI_4354523130303535303032?revLabel=1&rendition=200x200_JPG_Q85&fileType=binary,https://static.ah.nl/dam/product/AHI_4354523130303535303032?revLabel=1&rendition=400x400_JPG_Q85&fileType=binary,https://static.ah.nl/dam/product/AHI_4354523130303535303032?revLabel=1&rendition=800x800_JPG_Q90&fileType=binary
745,AH Chantilly,3.29,NA,Diepvries,IJs,Roomijs hoorntjes,NA,NA,NA,8 stuks,314,1312,17 g,12 g,3.9 g,36 g,25 g,0.6 g,3.9 g,0.08 g,NA,NA,NA,NA,NA,NA,NA,NA,NA,NA,NA,NA,NA,NA,NA,NA,NA,NA,NA,NA,NA,NA,NA,NA,NA,NA,NA,NA,NA,NA,NA,NA,NA,NA,NA,NA,NA,NA,NA,NA,NA,NA,NA,NA,NA,NA,NA,NA,NA,NA,NA,NA,NA,NA,NA,NA,NA,NA,NA,NA,NA,NA,NA,NA,NA,NA,NA,NA,NA,NA,NA,NA,NA,NA,NA,NA,NA,NA,"Ingrediënten: magere melk, suiker, roomboter, tarwebloem, kokosvet, glucosestroop, mageremelkpoeder, 1,8% slagroom, magerecacaopoeder°, emulgator (sojalecithine [E322], mono- en diglyceriden van vetzuren [E471]), 0,3% hazelnoot°, stabilisator (guarpitmeel [E412], johannesbroodpitmeel [E410]), natuurlijk aroma. Waarvan toegevoegde suikers 21g per 100 gram en waarvan toegevoegd zout 0.00g per 100 gram °Rainforest Alliance gecertificeerd. Zie voor meer informatie ra.org","Melk, Glutenbevattende Granen, Soja, Lactose, Hazelnoot, Tarwe","Noten, Amandel, Cashewnoot, Macadamianoot, Pecannoot, Paranoot, Pistachenoot, Walnoot",NA,https://static.ah.nl/dam/product/AHI_4354523130303638343836?revLabel=1&rendition=200x200_JPG_Q85&fileType=binary,https://static.ah.nl/dam/product/AHI_4354523130303638343836?revLabel=1&rendition=400x400_JPG_Q85&fileType=binary,https://static.ah.nl/dam/product/AHI_4354523130303638343836?revLabel=1&rendition=800x800_JPG_Q90&fileType=binary
751,AH Roomijs malaga,3.49,NA,"Zuivel, eieren, boter",Toetjes,Roomijs,Roomschepijs,NA,NA,1 l,192,807,7.9 g,5.2 g,2.5 g,27 g,26 g,0.3 g,2.6 g,0.13 g,NA,NA,NA,NA,NA,NA,NA,NA,NA,NA,NA,NA,NA,NA,NA,NA,NA,NA,NA,NA,NA,NA,NA,NA,NA,NA,NA,NA,NA,NA,NA,NA,NA,NA,NA,NA,NA,NA,NA,NA,NA,NA,NA,NA,NA,NA,NA,NA,NA,NA,NA,NA,NA,NA,NA,NA,NA,NA,NA,NA,NA,NA,NA,NA,NA,NA,NA,NA,NA,NA,NA,NA,NA,NA,NA,NA,NA,NA,"Ingrediënten: agere melk, 19% room, water, suiker, glucose-fructosestroop, 5,6% rozijn, vegetarisch wei-eiwitconcentraat, mageremelkpoeder, 0,8% rum, natuurlijk rozijnaroma, gemodificeerd maïszetmeel, emulgator (mono- en diglyceriden van vetzuren [E471]), stabilisator (johannesbroodpitmeel [E410], guarpitmeel [E412], xanthaangom [E415]), voedingszuur (citroenzuur [E330]), natuurlijk rumaroma, natuurlijk aroma. Waarvan toegevoegde suikers 15g per 100 gram en waarvan toegevoegd zout 0.00g per 100 gram","Melk, Lactose","Noten, Amandel, Cashewnoot, Hazelnoot, Macadamianoot, Pecannoot, Paranoot, Pistachenoot, Walnoot",NA,https://static.ah.nl/dam/product/AHI_43545239383938353734?revLabel=1&rendition=200x200_JPG_Q85&fileType=binary,https://static.ah.nl/dam/product/AHI_43545239383938353734?revLabel=1&rendition=400x400_JPG_Q85&fileType=binary,https://static.ah.nl/dam/product/AHI_43545239383938353734?revLabel=1&rendition=800x800_JPG_Q90&fileType=binary
754,AH Roomijs stracciatella,2.79,NA,"Zuivel, eieren, boter",Toetjes,Roomijs,Roomschepijs,NA,NA,1 l,249,1040,14 g,9 g,3.7 g,27 g,25 g,1.3 g,3.1 g,0.15 g,NA,NA,NA,NA,NA,NA,NA,NA,NA,NA,NA,NA,NA,NA,NA,NA,NA,NA,NA,NA,NA,NA,NA,NA,NA,NA,NA,NA,NA,NA,NA,NA,NA,NA,NA,NA,NA,NA,NA,NA,NA,NA,NA,NA,NA,NA,NA,NA,NA,NA,NA,NA,NA,NA,NA,NA,NA,NA,NA,NA,NA,NA,NA,NA,NA,NA,NA,NA,NA,NA,NA,NA,NA,NA,NA,NA,NA,NA,"Ingrediënten: 26% slagroom, magere melk, vegetarisch wei-eiwitconcentraat, suiker, glucose-fructosestroop, cacaomassa°, water, cacaoboter°, emulgator (mono- en diglyceriden van vetzuren [E471], lecithine [E322]), botervet, stabilisator (johannesbroodpitmeel [E410], guarpitmeel [E412]), magerecacaopoeder°. Waarvan toegevoegde suikers 20g per 100 gram en waarvan toegevoegd zout 0.00g per 100 gram °Rainforest Alliance gecertificeerd. Zie voor meer informatie ra.org","Melk, Lactose","Noten, Amandel, Cashewnoot, Hazelnoot, Macadamianoot, Pecannoot, Paranoot, Pistachenoot, Walnoot",NA,https://static.ah.nl/dam/product/AHI_43545239383938353134?revLabel=1&rendition=200x200_JPG_Q85&fileType=binary,https://static.ah.nl/dam/product/AHI_43545239383938353134?revLabel=1&rendition=400x400_JPG_Q85&fileType=binary,https://static.ah.nl/dam/product/AHI_43545239383938353134?revLabel=1&rendition=800x800_JPG_Q90&fileType=binary
759,AH Roomijs vanille,2.79,NA,"Zuivel, eieren, boter",Toetjes,Roomijs,Roomschepijs,NA,NA,1 l,193,808,10 g,6.6 g,3.2 g,23 g,23 g,0.1 g,2.7 g,0.13 g,NA,NA,NA,NA,NA,NA,NA,NA,NA,NA,NA,NA,NA,NA,NA,NA,NA,NA,NA,NA,NA,NA,NA,NA,NA,NA,NA,NA,NA,NA,NA,NA,NA,NA,NA,NA,NA,NA,NA,NA,NA,NA,NA,NA,NA,NA,NA,NA,NA,NA,NA,NA,NA,NA,NA,NA,NA,NA,NA,NA,NA,NA,NA,NA,NA,NA,NA,NA,NA,NA,NA,NA,NA,NA,NA,NA,NA,NA,"Ingrediënten: magere melk, 24% slagroom, suiker, water, glucose-fructosestroop, vegetarisch wei-eiwitconcentraat, emulgator (mono- en diglyceriden van vetzuren [E471]), kleurend wortelconcentraat, stabilisator (johannesbroodpitmeel [E410], guarpitmeel [E412]), Bourbonvanille-extract, 0,04% gemalen vanillestokje. Waarvan toegevoegde suikers 17g per 100 gram en waarvan toegevoegd zout 0.00g per 100 gram","Melk, Lactose","Noten, Amandel, Cashewnoot, Hazelnoot, Macadamianoot, Pecannoot, Paranoot, Pistachenoot, Walnoot",NA,https://static.ah.nl/dam/product/AHI_43545239383938353237?revLabel=1&rendition=200x200_JPG_Q85&fileType=binary,https://static.ah.nl/dam/product/AHI_43545239383938353237?revLabel=1&rendition=400x400_JPG_Q85&fileType=binary,https://static.ah.nl/dam/product/AHI_43545239383938353237?revLabel=1&rendition=800x800_JPG_Q90&fileType=binary
765,AH Aardappelschijfjes,1.95,NA,Diepvries,Diepvries aardappelproducten,Aardappelschijfjes (diepvries),NA,NA,NA,600 g,135,568,4 g,0.5 g,3.5 g,21 g,1.5 g,2.5 g,2.5 g,0.1 g,NA,NA,1.3 g,2.2 g,NA,NA,NA,NA,NA,NA,NA,NA,NA,NA,NA,NA,NA,NA,NA,NA,NA,NA,NA,NA,NA,NA,NA,NA,NA,NA,NA,NA,NA,NA,NA,NA,NA,NA,NA,NA,NA,NA,NA,NA,NA,NA,NA,NA,NA,NA,NA,NA,NA,NA,NA,NA,NA,NA,NA,NA,NA,NA,NA,NA,NA,NA,NA,NA,NA,NA,NA,NA,NA,NA,NA,NA,NA,NA,"Ingrediënten: 96% aardappel, 4% zonnebloemolie. Waarvan toegevoegde suikers 0.00g per 100 gram",NA,NA,NA,https://static.ah.nl/dam/product/AHI_434d50303130393831?revLabel=2&rendition=200x200_JPG_Q85&fileType=binary,https://static.ah.nl/dam/product/AHI_434d50303130393831?revLabel=2&rendition=400x400_JPG_Q85&fileType=binary,https://static.ah.nl/dam/product/AHI_434d50303130393831?revLabel=2&rendition=800x800_JPG_Q90&fileType=binary
769,AH Spinazie,0.89,NA,"Aardappel, groente, fruit",Diepvries groente,Spinazie (diepvries),NA,NA,NA,450 g,28,118,0.6 g,0.1 g,0.5 g,2 g,0 g,3.5 g,2 g,0.1 g,NA,NA,NA,NA,NA,NA,NA,NA,NA,NA,NA,NA,NA,NA,NA,NA,NA,NA,NA,NA,NA,NA,NA,NA,NA,NA,NA,NA,NA,NA,NA,NA,NA,NA,NA,NA,NA,NA,NA,NA,NA,NA,NA,NA,NA,NA,NA,NA,NA,NA,NA,NA,NA,NA,NA,NA,NA,NA,NA,NA,NA,NA,NA,NA,NA,NA,NA,NA,NA,NA,NA,NA,NA,NA,NA,NA,NA,NA,Waarvan toegevoegde suikers 0.00g per 100 gram en waarvan toegevoegd zout 0.00g per 100 gram,NA,NA,NA,https://static.ah.nl/dam/product/AHI_43545237303435363630?revLabel=1&rendition=200x200_JPG_Q85&fileType=binary,https://static.ah.nl/dam/product/AHI_43545237303435363630?revLabel=1&rendition=400x400_JPG_Q85&fileType=binary,https://static.ah.nl/dam/product/AHI_43545237303435363630?revLabel=1&rendition=800x800_JPG_Q90&fileType=binary
772,AH Aardappelkroketjes,1.39,NA,Diepvries,Diepvries aardappelproducten,Aardappelkroketten (diepvries),NA,NA,NA,600 g,152,637,5.1 g,0.5 g,4.6 g,23 g,1.1 g,2.5 g,2.2 g,0.8 g,NA,NA,NA,NA,NA,NA,NA,NA,NA,NA,NA,NA,NA,NA,NA,NA,NA,NA,NA,NA,NA,NA,NA,NA,NA,NA,NA,NA,NA,NA,NA,NA,NA,NA,NA,NA,NA,NA,NA,NA,NA,NA,NA,NA,NA,NA,NA,NA,NA,NA,NA,NA,NA,NA,NA,NA,NA,NA,NA,NA,NA,NA,NA,NA,NA,NA,NA,NA,NA,NA,NA,NA,NA,NA,NA,NA,NA,NA,"Ingrediënten: 86% aardappel, 8,6% aardappelvlok, plantaardige olie (koolzaad, zonnebloem [in wisselende verhoudingen]), zout, dextrose, stabilisator (hydroxypropylmethylcellulose [E464]), peperextract. Waarvan toegevoegde suikers 0.2g per 100 gram en waarvan toegevoegd zout 0.67g per 100 gram",NA,NA,NA,https://static.ah.nl/dam/product/AHI_4354523130303638383931?revLabel=1&rendition=200x200_JPG_Q85&fileType=binary,https://static.ah.nl/dam/product/AHI_4354523130303638383931?revLabel=1&rendition=400x400_JPG_Q85&fileType=binary,https://static.ah.nl/dam/product/AHI_4354523130303638383931?revLabel=1&rendition=800x800_JPG_Q90&fileType=binary
777,AH Spinazie à la creme,0.99,NA,"Aardappel, groente, fruit",Diepvries groente,Spinazie (diepvries),NA,NA,NA,450 g,44,183,2.2 g,0.7 g,1.5 g,3.1 g,1.7 g,2.3 g,1.8 g,0.6 g,NA,NA,NA,NA,NA,NA,NA,NA,NA,NA,NA,NA,NA,NA,NA,NA,NA,NA,NA,NA,NA,NA,NA,NA,NA,NA,NA,NA,NA,NA,NA,NA,NA,NA,NA,NA,NA,NA,NA,NA,NA,NA,NA,NA,NA,NA,NA,NA,NA,NA,NA,NA,NA,NA,NA,NA,NA,NA,NA,NA,NA,NA,NA,NA,NA,NA,NA,NA,NA,NA,NA,NA,NA,NA,NA,NA,NA,NA,"Ingrediënten: 84% spinazie, water, 4% room, raapolie, rijstzetmeel, zout, lactose, mageremelkpoeder, melkeiwit, verdikkingsmiddel (guarpitmeel [E412], xanthaangom [E415]), natuurlijke aroma's, dextrose, groente-extract (ui, wortel), knoflookextract. Waarvan toegevoegde suikers 0.02g per 100 gram en waarvan toegevoegd zout 0.51g per 100 gram","Melk, Lactose",NA,NA,https://static.ah.nl/dam/product/AHI_43545237303438363831?revLabel=1&rendition=200x200_JPG_Q85&fileType=binary,https://static.ah.nl/dam/product/AHI_43545237303438363831?revLabel=1&rendition=400x400_JPG_Q85&fileType=binary,https://static.ah.nl/dam/product/AHI_43545237303438363831?revLabel=1&rendition=800x800_JPG_Q90&fileType=binary
788,AH Tuinerwten fijn,1.05,NA,"Aardappel, groente, fruit",Diepvries groente,Tuinerwten (diepvries),NA,NA,NA,450 g,70,296,0 g,0 g,0 g,9.3 g,2.6 g,5.1 g,5.7 g,0.03 g,NA,NA,NA,NA,NA,NA,NA,NA,NA,NA,NA,NA,NA,NA,NA,NA,NA,NA,NA,NA,NA,NA,NA,NA,NA,NA,NA,NA,NA,NA,NA,NA,NA,NA,NA,NA,NA,NA,NA,NA,NA,NA,NA,NA,NA,NA,NA,NA,NA,NA,NA,NA,NA,NA,NA,NA,NA,NA,NA,NA,NA,NA,NA,NA,NA,NA,NA,NA,NA,NA,NA,NA,NA,NA,NA,NA,NA,NA,Ingrediënten: doperwt Waarvan toegevoegde suikers 0.00g per 100 gram en waarvan toegevoegd zout 0.00g per 100 gram,NA,NA,NA,https://static.ah.nl/dam/product/AHI_434d50313635313937?revLabel=2&rendition=200x200_JPG_Q85&fileType=binary,https://static.ah.nl/dam/product/AHI_434d50313635313937?revLabel=2&rendition=400x400_JPG_Q85&fileType=binary,https://static.ah.nl/dam/product/AHI_434d50313635313937?revLabel=2&rendition=800x800_JPG_Q90&fileType=binary
792,AH Kabeljauw,5.19,NA,"Vlees, vis",Vis,Diepvries vis,Kabeljauw (diepvries),NA,NA,400 g,70,298,0.7 g,0.3 g,0.4 g,0 g,0 g,0 g,16 g,0.33 g,NA,NA,NA,NA,NA,NA,NA,NA,NA,NA,NA,NA,NA,NA,NA,NA,NA,NA,NA,NA,NA,NA,NA,NA,NA,NA,NA,NA,NA,NA,NA,NA,NA,NA,NA,NA,NA,NA,NA,NA,NA,NA,NA,NA,NA,NA,NA,NA,NA,NA,NA,NA,NA,NA,NA,NA,NA,NA,NA,NA,NA,NA,NA,NA,NA,NA,NA,NA,NA,NA,NA,NA,NA,NA,NA,NA,NA,NA,Ingrediënten: kabeljauw. Waarvan toegevoegde suikers 0g per 100 gram en waarvan toegevoegd zout 0g per 100 gram,Vis,NA,NA,https://static.ah.nl/dam/product/AHI_4354523130303038323036?revLabel=1&rendition=200x200_JPG_Q85&fileType=binary,https://static.ah.nl/dam/product/AHI_4354523130303038323036?revLabel=1&rendition=400x400_JPG_Q85&fileType=binary,https://static.ah.nl/dam/product/AHI_4354523130303038323036?revLabel=1&rendition=800x800_JPG_Q90&fileType=binary
793,AH Vrieslollies,0.85,NA,Diepvries,IJs,Waterijsjes,NA,NA,NA,10 stuks,56,238,0 g,0 g,0 g,14 g,14 g,0 g,0 g,0 g,NA,NA,NA,NA,NA,NA,NA,NA,NA,NA,NA,NA,NA,NA,NA,NA,NA,NA,NA,NA,NA,NA,NA,NA,NA,NA,NA,NA,NA,NA,NA,NA,NA,NA,NA,NA,NA,NA,NA,NA,NA,NA,NA,NA,NA,NA,NA,NA,NA,NA,NA,NA,NA,NA,NA,NA,NA,NA,NA,NA,NA,NA,NA,NA,NA,NA,NA,NA,NA,NA,NA,NA,NA,NA,NA,NA,NA,NA,"Ingrediënten: water, suiker, zuurteregelaar (citroenzuur [E330]), natuurlijke aroma's.  Waarvan toegevoegde suikers 14g per 100 milliliter en waarvan toegevoegd zout 0.00g per 100 milliliter",NA,NA,NA,https://static.ah.nl/dam/product/AHI_4354523130303531393833?revLabel=1&rendition=200x200_JPG_Q85&fileType=binary,https://static.ah.nl/dam/product/AHI_4354523130303531393833?revLabel=1&rendition=400x400_JPG_Q85&fileType=binary,https://static.ah.nl/dam/product/AHI_4354523130303531393833?revLabel=1&rendition=800x800_JPG_Q90&fileType=binary
796,AH Witte bonen in tomatensaus,0.85,NA,"Aardappel, groente, fruit",Groente,"Sperziebonen, snijbonen en peulvruchten",Witte bonen,NA,NA,400 g,85,359,0.5 g,0.2 g,0.3 g,12 g,3.4 g,5.8 g,5.3 g,0.6 g,NA,NA,NA,NA,NA,NA,NA,NA,NA,NA,NA,NA,NA,NA,NA,NA,NA,NA,NA,NA,NA,NA,NA,NA,NA,NA,NA,NA,NA,NA,NA,NA,NA,NA,NA,NA,NA,NA,NA,NA,NA,NA,NA,NA,NA,NA,NA,NA,NA,NA,NA,NA,NA,NA,NA,NA,NA,NA,NA,NA,NA,NA,NA,NA,NA,NA,NA,NA,NA,NA,NA,NA,NA,NA,NA,NA,NA,NA,"Ingrediënten: 60% witte boon, water, 5.5% tomatenpuree, suiker, zout, azijn, gemodificeerd maïszetmeel, specerijen, gehydrolyseerd plantaardig eiwit, natural flavourings. Waarvan toegevoegde suikers 2.1g per 100 gram en waarvan toegevoegd zout 0.56g per 100 gram",NA,NA,NA,https://static.ah.nl/dam/product/AHI_43545239383438363335?revLabel=1&rendition=200x200_JPG_Q85&fileType=binary,https://static.ah.nl/dam/product/AHI_43545239383438363335?revLabel=1&rendition=400x400_JPG_Q85&fileType=binary,https://static.ah.nl/dam/product/AHI_43545239383438363335?revLabel=1&rendition=800x800_JPG_Q90&fileType=binary
799,AH Lekkerbekjes,2.99,NA,"Vlees, vis",Vis,Gepaneerde vis,Gepaneerde vis (diepvries),NA,NA,3 x 100 g,198,827,11 g,1.3 g,7.8 g,17 g,0.7 g,0.7 g,7.4 g,1.4 g,NA,NA,NA,NA,NA,NA,NA,NA,NA,NA,NA,NA,NA,NA,NA,NA,NA,NA,NA,NA,NA,NA,NA,NA,NA,NA,NA,NA,NA,NA,NA,NA,NA,NA,NA,NA,NA,NA,NA,NA,NA,NA,NA,NA,NA,NA,NA,NA,NA,NA,NA,NA,NA,NA,NA,NA,NA,NA,NA,NA,NA,NA,NA,NA,NA,NA,NA,NA,NA,NA,NA,NA,NA,NA,NA,NA,NA,NA,"Ingrediënten: 55% koolvis, bloem (tarwe, maïs), plantaardige olie (raap, zonnebloem [in wisselende verhoudingen]), zetmeel (tarwe, aardappel), gemodificeerd zetmeel (tapioca, maïs, tarwe), zout, specerijen, dextrose, gist, suiker, groentepoeder (prei, tomaat, pastinaak), weipoeder, peterselie, specerijenextract. Waarvan toegevoegde suikers 0.6g per 100 gram en waarvan toegevoegd zout 1.27g per 100 gram","Vis, Melk, Glutenbevattende Granen, Lactose, Tarwe",NA,NA,https://static.ah.nl/dam/product/AHI_43545239393330323733?revLabel=1&rendition=200x200_JPG_Q85&fileType=binary,https://static.ah.nl/dam/product/AHI_43545239393330323733?revLabel=1&rendition=400x400_JPG_Q85&fileType=binary,https://static.ah.nl/dam/product/AHI_43545239393330323733?revLabel=1&rendition=800x800_JPG_Q90&fileType=binary
800,AH Maiskorrels fris en knapperig,1.19,NA,"Aardappel, groente, fruit",Groente,"Asperges, bleekselderij, venkel, mais",Mais,Maiskorrels (conserven),NA,340 g,71,297,1.4 g,0.3 g,1.1 g,11 g,5.2 g,2.8 g,2.1 g,0.03 g,NA,NA,NA,NA,NA,NA,NA,NA,NA,NA,NA,NA,NA,NA,NA,NA,NA,NA,NA,NA,NA,NA,NA,NA,NA,NA,NA,NA,NA,NA,NA,NA,NA,NA,NA,NA,NA,NA,NA,NA,NA,NA,NA,NA,NA,NA,NA,NA,NA,NA,NA,NA,NA,NA,NA,NA,NA,NA,NA,NA,NA,NA,NA,NA,NA,NA,NA,NA,NA,NA,NA,NA,NA,NA,NA,NA,NA,NA,"Ingrediënten: maïskorrel, water. Waarvan toegevoegde suikers 0.00g per 100 gram en waarvan toegevoegd zout 0.00g per 100 gram",NA,NA,NA,https://static.ah.nl/dam/product/AHI_43545239363338383136?revLabel=1&rendition=200x200_JPG_Q85&fileType=binary,https://static.ah.nl/dam/product/AHI_43545239363338383136?revLabel=1&rendition=400x400_JPG_Q85&fileType=binary,https://static.ah.nl/dam/product/AHI_43545239363338383136?revLabel=1&rendition=800x800_JPG_Q90&fileType=binary
803,AH Tomaten gepeld,0.69,NA,"Pasta, rijst en wereldkeuken",Mediterrane keuken,Italiaanse keuken,Tomaten producten,Gepelde tomaten,NA,400 g,23,95,0.2 g,0.08 g,0.2 g,3.6 g,3.1 g,1 g,1.1 g,0.05 g,NA,NA,NA,NA,NA,NA,NA,NA,NA,NA,NA,NA,NA,NA,NA,NA,NA,NA,NA,NA,NA,NA,NA,NA,NA,NA,NA,NA,NA,NA,NA,NA,NA,NA,NA,NA,NA,NA,NA,NA,NA,NA,NA,NA,NA,NA,NA,NA,NA,NA,NA,NA,NA,NA,NA,NA,NA,NA,NA,NA,NA,NA,NA,NA,NA,NA,NA,NA,NA,NA,NA,NA,NA,NA,NA,NA,NA,NA,"Ingrediënten: 60% tomaat, 40% tomatensap, zuurteregelaar (citroenzuur [E330]). Waarvan toegevoegde suikers 0.00g per 100 gram en waarvan toegevoegd zout 0.00g per 100 gram",NA,NA,NA,https://static.ah.nl/dam/product/AHI_43545239393338343530?revLabel=1&rendition=200x200_JPG_Q85&fileType=binary,https://static.ah.nl/dam/product/AHI_43545239393338343530?revLabel=1&rendition=400x400_JPG_Q85&fileType=binary,https://static.ah.nl/dam/product/AHI_43545239393338343530?revLabel=1&rendition=800x800_JPG_Q90&fileType=binary
805,AH Witte bonen in tomatensaus,0.69,NA,"Aardappel, groente, fruit",Groente,"Sperziebonen, snijbonen en peulvruchten",Witte bonen,NA,NA,360 g,81,342,0.5 g,0.1 g,0.4 g,13 g,4.4 g,3.9 g,4.2 g,0.63 g,NA,NA,NA,NA,NA,NA,NA,NA,NA,NA,NA,NA,NA,NA,NA,NA,NA,NA,NA,NA,NA,NA,NA,NA,NA,NA,NA,NA,NA,NA,NA,NA,NA,NA,NA,NA,NA,NA,NA,NA,NA,NA,NA,NA,NA,NA,NA,NA,NA,NA,NA,NA,NA,NA,NA,NA,NA,NA,NA,NA,NA,NA,NA,NA,NA,NA,NA,NA,NA,NA,NA,NA,NA,NA,NA,NA,NA,NA,"Ingrediënten: 60% witte boon, water, 7% tomatenpuree, suiker, zout, maïszetmeel, azijn, natuurlijk aroma. Waarvan toegevoegde suikers 3.0g per 100 gram en waarvan toegevoegd zout 0.63g per 100 gram",NA,NA,NA,https://static.ah.nl/dam/product/AHI_4354523130303739333031?revLabel=1&rendition=200x200_JPG_Q85&fileType=binary,https://static.ah.nl/dam/product/AHI_4354523130303739333031?revLabel=1&rendition=400x400_JPG_Q85&fileType=binary,https://static.ah.nl/dam/product/AHI_4354523130303739333031?revLabel=1&rendition=800x800_JPG_Q90&fileType=binary
806,AH Wortelen,0.75,NA,"Aardappel, groente, fruit",Groente,"Wortel, pompoen, knollen",Wortelen,Wortelen (conserven),NA,340 g,23,98,0.2 g,0 g,0.2 g,4 g,2.4 g,1.8 g,0.5 g,0 g,NA,NA,NA,NA,NA,NA,NA,NA,NA,NA,NA,NA,NA,NA,NA,NA,NA,NA,NA,NA,NA,NA,NA,NA,NA,NA,NA,NA,NA,NA,NA,NA,NA,NA,NA,NA,NA,NA,NA,NA,NA,NA,NA,NA,NA,NA,NA,NA,NA,NA,NA,NA,NA,NA,NA,NA,NA,NA,NA,NA,NA,NA,NA,NA,NA,NA,NA,NA,NA,NA,NA,NA,NA,NA,NA,NA,NA,NA,"Ingrediënten: wortel, water. Waarvan toegevoegde suikers 0.00g per 100 gram en waarvan toegevoegd zout 0.00g per 100 gram",NA,NA,NA,https://static.ah.nl/dam/product/AHI_43545239383434343934?revLabel=1&rendition=200x200_JPG_Q85&fileType=binary,https://static.ah.nl/dam/product/AHI_43545239383434343934?revLabel=1&rendition=400x400_JPG_Q85&fileType=binary,https://static.ah.nl/dam/product/AHI_43545239383434343934?revLabel=1&rendition=800x800_JPG_Q90&fileType=binary
810,AH Appelmoes 0% suiker toegevoegd,1.69,NA,"Aardappel, groente, fruit",Fruit,Fruitconserven,"Appelmoes, appelcompote",Appelmoes (in pot),NA,710 g,52,220,0 g,0 g,0 g,12 g,12 g,1.4 g,0.3 g,0 g,NA,NA,NA,NA,NA,NA,NA,NA,NA,NA,NA,NA,NA,NA,NA,NA,NA,NA,NA,NA,NA,NA,NA,NA,NA,NA,NA,NA,NA,NA,NA,NA,NA,NA,NA,NA,NA,NA,NA,NA,NA,NA,NA,NA,NA,NA,NA,NA,NA,NA,NA,NA,NA,NA,NA,NA,NA,NA,NA,NA,NA,NA,NA,NA,NA,NA,NA,NA,NA,NA,NA,NA,NA,NA,NA,NA,NA,NA,"Ingrediënten: appel, antioxidant (ascorbinezuur [E300]). Waarvan toegevoegde suikers 0.00g per 100 gram en waarvan toegevoegd zout 0.00g per 100 gram",NA,NA,NA,https://static.ah.nl/dam/product/AHI_4354523130303335303639?revLabel=1&rendition=200x200_JPG_Q85&fileType=binary,https://static.ah.nl/dam/product/AHI_4354523130303335303639?revLabel=1&rendition=400x400_JPG_Q85&fileType=binary,https://static.ah.nl/dam/product/AHI_4354523130303335303639?revLabel=1&rendition=800x800_JPG_Q90&fileType=binary
811,AH Appelmoes 0% suiker toegevoegd,0.99,NA,"Aardappel, groente, fruit",Fruit,Fruitconserven,"Appelmoes, appelcompote",Appelmoes (in pot),NA,360 g,52,220,0 g,0 g,0 g,12 g,12 g,1.4 g,0.3 g,0 g,NA,NA,NA,NA,NA,NA,NA,NA,NA,NA,NA,NA,NA,NA,NA,NA,NA,NA,NA,NA,NA,NA,NA,NA,NA,NA,NA,NA,NA,NA,NA,NA,NA,NA,NA,NA,NA,NA,NA,NA,NA,NA,NA,NA,NA,NA,NA,NA,NA,NA,NA,NA,NA,NA,NA,NA,NA,NA,NA,NA,NA,NA,NA,NA,NA,NA,NA,NA,NA,NA,NA,NA,NA,NA,NA,NA,NA,NA,"Ingrediënten: appel, antioxidant (ascorbinezuur [E300]). Waarvan toegevoegde suikers 0.00g per 100 gram en waarvan toegevoegd zout 0.00g per 100 gram",NA,NA,NA,https://static.ah.nl/dam/product/AHI_4354523130303332303135?revLabel=1&rendition=200x200_JPG_Q85&fileType=binary,https://static.ah.nl/dam/product/AHI_4354523130303332303135?revLabel=1&rendition=400x400_JPG_Q85&fileType=binary,https://static.ah.nl/dam/product/AHI_4354523130303332303135?revLabel=1&rendition=800x800_JPG_Q90&fileType=binary
812,AH Rabarbercompote,1.89,NA,"Aardappel, groente, fruit",Groente,"Asperges, bleekselderij, venkel, mais",Rabarber,NA,NA,345 g,54,226,0.2 g,0.02 g,0.2 g,11 g,11 g,2.9 g,0.5 g,0 g,NA,NA,NA,NA,NA,NA,NA,NA,NA,NA,NA,NA,NA,NA,NA,NA,NA,NA,NA,NA,NA,NA,NA,NA,NA,NA,NA,NA,NA,NA,NA,NA,NA,NA,NA,NA,NA,NA,NA,NA,NA,NA,NA,NA,NA,NA,NA,NA,NA,NA,NA,NA,NA,NA,NA,NA,NA,NA,NA,NA,NA,NA,NA,NA,NA,NA,NA,NA,NA,NA,NA,NA,NA,NA,NA,NA,NA,NA,"Ingrediënten: 82% rabarber, suiker, appel, water, verdikkingsmiddel (johannesbroodpitmeel [E410]). Waarvan toegevoegde suikers 9.4g per 100 gram en waarvan toegevoegd zout 0.00g per 100 gram",NA,NA,NA,https://static.ah.nl/dam/product/AHI_43545239383735363630?revLabel=1&rendition=200x200_JPG_Q85&fileType=binary,https://static.ah.nl/dam/product/AHI_43545239383735363630?revLabel=1&rendition=400x400_JPG_Q85&fileType=binary,https://static.ah.nl/dam/product/AHI_43545239383735363630?revLabel=1&rendition=800x800_JPG_Q90&fileType=binary
814,AH Witte bonen,1.15,NA,"Aardappel, groente, fruit",Groente,"Sperziebonen, snijbonen en peulvruchten",Witte bonen,NA,NA,360 g,105,442,0.8 g,0.1 g,0.7 g,14 g,0.4 g,7.1 g,6.9 g,0 g,NA,NA,NA,NA,NA,NA,NA,NA,NA,NA,NA,NA,NA,NA,NA,NA,NA,NA,NA,NA,NA,NA,NA,NA,NA,NA,NA,NA,NA,NA,NA,NA,NA,NA,NA,NA,NA,NA,NA,NA,NA,NA,NA,NA,NA,NA,NA,NA,NA,NA,NA,NA,NA,NA,NA,NA,NA,NA,NA,NA,NA,NA,NA,NA,NA,NA,NA,NA,NA,NA,NA,NA,NA,NA,NA,NA,NA,NA,"Ingrediënten: witte boon, water, verstevigingsmiddel (calciumchloride [E509]). Waarvan toegevoegde suikers 0.00g per 100 gram en waarvan toegevoegd zout 0.00g per 100 gram",NA,NA,NA,https://static.ah.nl/dam/product/AHI_43545239383433353438?revLabel=1&rendition=200x200_JPG_Q85&fileType=binary,https://static.ah.nl/dam/product/AHI_43545239383433353438?revLabel=1&rendition=400x400_JPG_Q85&fileType=binary,https://static.ah.nl/dam/product/AHI_43545239383433353438?revLabel=1&rendition=800x800_JPG_Q90&fileType=binary
816,AH Appel-abrikozen compote,1.55,NA,"Aardappel, groente, fruit",Fruit,Fruitconserven,"Appelmoes, appelcompote",Appelcompote,NA,350 g,63,268,0.3 g,0 g,0.3 g,14 g,13 g,1.5 g,0.4 g,0 g,NA,NA,NA,NA,NA,NA,NA,NA,NA,NA,NA,NA,NA,NA,NA,NA,NA,NA,NA,NA,NA,NA,NA,NA,NA,NA,NA,NA,NA,NA,NA,NA,NA,NA,NA,NA,NA,NA,NA,NA,NA,NA,NA,NA,NA,NA,NA,NA,NA,NA,NA,NA,NA,NA,NA,NA,NA,NA,NA,NA,NA,NA,NA,NA,NA,NA,NA,NA,NA,NA,NA,NA,NA,NA,NA,NA,NA,NA,"Ingrediënten: 55% appel, 31% abrikoos, water, suiker, antioxidant (ascorbinezuur [E300]). Waarvan toegevoegde suikers 5.8g per 100 gram en waarvan toegevoegd zout 0.00g per 100 gram",NA,NA,NA,https://static.ah.nl/dam/product/AHI_43545239383735363239?revLabel=1&rendition=200x200_JPG_Q85&fileType=binary,https://static.ah.nl/dam/product/AHI_43545239383735363239?revLabel=1&rendition=400x400_JPG_Q85&fileType=binary,https://static.ah.nl/dam/product/AHI_43545239383735363239?revLabel=1&rendition=800x800_JPG_Q90&fileType=binary
818,AH Appelcompote,0.89,NA,"Aardappel, groente, fruit",Fruit,Fruitconserven,"Appelmoes, appelcompote",Appelcompote,NA,345 g,57,240,0.5 g,0 g,0.5 g,12 g,11 g,1.6 g,0.3 g,0 g,NA,NA,NA,NA,NA,NA,NA,NA,NA,NA,NA,NA,NA,NA,NA,NA,NA,NA,NA,NA,NA,NA,NA,NA,NA,NA,NA,NA,NA,NA,NA,NA,NA,NA,NA,NA,NA,NA,NA,NA,NA,NA,NA,NA,NA,NA,NA,NA,NA,NA,NA,NA,NA,NA,NA,NA,NA,NA,NA,NA,NA,NA,NA,NA,NA,NA,NA,NA,NA,NA,NA,NA,NA,NA,NA,NA,NA,NA,"Ingrediënten: 90% appel, water, suiker, zuurteregelaar (citroenzuur [E330]), antioxidant (ascorbinezuur [E300]). Waarvan toegevoegde suikers 3.2g per 100 gram en waarvan toegevoegd zout 0.00g per 100 gram",NA,NA,NA,https://static.ah.nl/dam/product/AHI_43545239383735363332?revLabel=1&rendition=200x200_JPG_Q85&fileType=binary,https://static.ah.nl/dam/product/AHI_43545239383735363332?revLabel=1&rendition=400x400_JPG_Q85&fileType=binary,https://static.ah.nl/dam/product/AHI_43545239383735363332?revLabel=1&rendition=800x800_JPG_Q90&fileType=binary
822,AH Gebroken sperziebonen,1.19,NA,"Aardappel, groente, fruit",Groente,"Sperziebonen, snijbonen en peulvruchten",Sperziebonen,Sperziebonen (conserven),NA,660 g,23,98,0.4 g,0.2 g,0 g,2.1 g,0.5 g,2.7 g,1.5 g,0 g,NA,NA,NA,NA,NA,NA,NA,NA,NA,NA,NA,NA,NA,NA,NA,NA,NA,NA,NA,NA,NA,NA,NA,NA,NA,NA,NA,NA,NA,NA,NA,NA,NA,NA,NA,NA,NA,NA,NA,NA,NA,NA,NA,NA,NA,NA,NA,NA,NA,NA,NA,NA,NA,NA,NA,NA,NA,NA,NA,NA,NA,NA,NA,NA,NA,NA,NA,NA,NA,NA,NA,NA,NA,NA,NA,NA,NA,NA,"Ingrediënten: sperzieboon, water. Waarvan toegevoegde suikers 0.00g per 100 gram en waarvan toegevoegd zout 0.00g per 100 gram",NA,NA,NA,https://static.ah.nl/dam/product/AHI_43545239393534353231?revLabel=1&rendition=200x200_JPG_Q85&fileType=binary,https://static.ah.nl/dam/product/AHI_43545239393534353231?revLabel=1&rendition=400x400_JPG_Q85&fileType=binary,https://static.ah.nl/dam/product/AHI_43545239393534353231?revLabel=1&rendition=800x800_JPG_Q90&fileType=binary
823,AH Gebroken sperziebonen,0.79,NA,"Aardappel, groente, fruit",Groente,"Sperziebonen, snijbonen en peulvruchten",Sperziebonen,Sperziebonen (conserven),NA,340 g,23,96,0.1 g,0 g,0.1 g,2.6 g,0.7 g,2.8 g,1.5 g,0.03 g,NA,NA,NA,NA,NA,NA,NA,NA,NA,NA,NA,NA,NA,NA,NA,NA,NA,NA,NA,NA,NA,NA,NA,NA,NA,NA,NA,NA,NA,NA,NA,NA,NA,NA,NA,NA,NA,NA,NA,NA,NA,NA,NA,NA,NA,NA,NA,NA,NA,NA,NA,NA,NA,NA,NA,NA,NA,NA,NA,NA,NA,NA,NA,NA,NA,NA,NA,NA,NA,NA,NA,NA,NA,NA,NA,NA,NA,NA,"Ingrediënten: sperzieboon, water. Waarvan toegevoegde suikers 0.00g per 100 gram en waarvan toegevoegd zout 0.00g per 100 gram",NA,NA,NA,https://static.ah.nl/dam/product/AHI_43545239383434343931?revLabel=1&rendition=200x200_JPG_Q85&fileType=binary,https://static.ah.nl/dam/product/AHI_43545239383434343931?revLabel=1&rendition=400x400_JPG_Q85&fileType=binary,https://static.ah.nl/dam/product/AHI_43545239383434343931?revLabel=1&rendition=800x800_JPG_Q90&fileType=binary
824,AH Tuinbonen,1.19,NA,"Aardappel, groente, fruit",Groente,Groenteconserven,"Bonen, peulvruchten (conserven)",Tuinbonen (conserven),NA,340 g,68,285,0.5 g,0.1 g,0.4 g,7.9 g,0.8 g,4.6 g,5.6 g,0.03 g,NA,NA,NA,NA,NA,NA,NA,NA,NA,NA,NA,NA,NA,NA,NA,NA,NA,NA,NA,NA,NA,NA,NA,NA,NA,NA,NA,NA,NA,NA,NA,NA,NA,NA,NA,NA,NA,NA,NA,NA,NA,NA,NA,NA,NA,NA,NA,NA,NA,NA,NA,NA,NA,NA,NA,NA,NA,NA,NA,NA,NA,NA,NA,NA,NA,NA,NA,NA,NA,NA,NA,NA,NA,NA,NA,NA,NA,NA,"Ingrediënten: tuinboon, water. Waarvan toegevoegde suikers 0.00g per 100 gram en waarvan toegevoegd zout 0.00g per 100 gram",NA,NA,NA,https://static.ah.nl/dam/product/AHI_43545239383433353530?revLabel=1&rendition=200x200_JPG_Q85&fileType=binary,https://static.ah.nl/dam/product/AHI_43545239383433353530?revLabel=1&rendition=400x400_JPG_Q85&fileType=binary,https://static.ah.nl/dam/product/AHI_43545239383433353530?revLabel=1&rendition=800x800_JPG_Q90&fileType=binary
825,AH Kapucijners,2.25,NA,"Aardappel, groente, fruit",Groente,Groenteconserven,"Bonen, peulvruchten (conserven)",Velderwten (conserven),NA,800 g,84,354,0.7 g,0.1 g,0.6 g,10 g,0.9 g,6 g,6.5 g,0.03 g,NA,NA,NA,NA,NA,NA,NA,NA,NA,NA,NA,NA,NA,NA,NA,NA,NA,NA,NA,NA,NA,NA,NA,NA,NA,NA,NA,NA,NA,NA,NA,NA,NA,NA,NA,NA,NA,NA,NA,NA,NA,NA,NA,NA,NA,NA,NA,NA,NA,NA,NA,NA,NA,NA,NA,NA,NA,NA,NA,NA,NA,NA,NA,NA,NA,NA,NA,NA,NA,NA,NA,NA,NA,NA,NA,NA,NA,NA,"Ingrediënten: kapucijner, water, antioxidant (calciumdinatrium-EDTA [E385]). Waarvan toegevoegde suikers 0.00g per 100 gram en waarvan toegevoegd zout 0.00g per 100 gram",NA,NA,NA,https://static.ah.nl/dam/product/AHI_43545239383438363030?revLabel=1&rendition=200x200_JPG_Q85&fileType=binary,https://static.ah.nl/dam/product/AHI_43545239383438363030?revLabel=1&rendition=400x400_JPG_Q85&fileType=binary,https://static.ah.nl/dam/product/AHI_43545239383438363030?revLabel=1&rendition=800x800_JPG_Q90&fileType=binary
833,AH Doperwten en wortelen,0.79,NA,"Aardappel, groente, fruit",Groente,Groenteconserven,Groentemix (conserven),Doperwten/wortelen (conserven),NA,330 g,46,192,0.3 g,0.1 g,0.2 g,5.9 g,1.2 g,4.1 g,2.8 g,0.13 g,NA,NA,NA,NA,NA,NA,NA,NA,NA,NA,NA,NA,NA,NA,NA,NA,NA,NA,NA,NA,NA,NA,NA,NA,NA,NA,NA,NA,NA,NA,NA,NA,NA,NA,NA,NA,NA,NA,NA,NA,NA,NA,NA,NA,NA,NA,NA,NA,NA,NA,NA,NA,NA,NA,NA,NA,NA,NA,NA,NA,NA,NA,NA,NA,NA,NA,NA,NA,NA,NA,NA,NA,NA,NA,NA,NA,NA,NA,"Ingrediënten: groente [doperwt, wortel (in wisselende verhoudingen)], water. Waarvan toegevoegde suikers 0.00g per 100 gram en waarvan toegevoegd zout 0.00g per 100 gram",NA,NA,NA,https://static.ah.nl/dam/product/AHI_43545239383433353439?revLabel=1&rendition=200x200_JPG_Q85&fileType=binary,https://static.ah.nl/dam/product/AHI_43545239383433353439?revLabel=1&rendition=400x400_JPG_Q85&fileType=binary,https://static.ah.nl/dam/product/AHI_43545239383433353439?revLabel=1&rendition=800x800_JPG_Q90&fileType=binary
838,AH Doperwten,0.89,NA,"Aardappel, groente, fruit",Groente,"Sperziebonen, snijbonen en peulvruchten",Doperwten,Doperwten (conserven),NA,350 g,68,284,1 g,0.2 g,0.8 g,6.2 g,1.5 g,6.7 g,5.2 g,0 g,NA,NA,NA,NA,NA,NA,NA,NA,NA,NA,NA,NA,NA,NA,NA,NA,NA,NA,NA,NA,NA,NA,NA,NA,NA,NA,NA,NA,NA,NA,NA,NA,NA,NA,NA,NA,NA,NA,NA,NA,NA,NA,NA,NA,NA,NA,NA,NA,NA,NA,NA,NA,NA,NA,NA,NA,NA,NA,NA,NA,NA,NA,NA,NA,NA,NA,NA,NA,NA,NA,NA,NA,NA,NA,NA,NA,NA,NA,"Ingrediënten: doperwt, water. Waarvan toegevoegde suikers 0.00g per 100 gram en waarvan toegevoegd zout 0.00g per 100 gram",NA,NA,NA,https://static.ah.nl/dam/product/AHI_43545239383434353039?revLabel=1&rendition=200x200_JPG_Q85&fileType=binary,https://static.ah.nl/dam/product/AHI_43545239383434353039?revLabel=1&rendition=400x400_JPG_Q85&fileType=binary,https://static.ah.nl/dam/product/AHI_43545239383434353039?revLabel=1&rendition=800x800_JPG_Q90&fileType=binary
839,AH Doperwten,1.45,NA,"Aardappel, groente, fruit",Groente,"Sperziebonen, snijbonen en peulvruchten",Doperwten,Doperwten (conserven),NA,400 g,64,267,1 g,0.2 g,0.8 g,6.4 g,1.6 g,4.9 g,4.8 g,0.03 g,NA,NA,NA,NA,NA,NA,NA,NA,NA,NA,NA,NA,NA,NA,NA,NA,NA,NA,NA,NA,NA,NA,NA,NA,NA,NA,NA,NA,NA,NA,NA,NA,NA,NA,NA,NA,NA,NA,NA,NA,NA,NA,NA,NA,NA,NA,NA,NA,NA,NA,NA,NA,NA,NA,NA,NA,NA,NA,NA,NA,NA,NA,NA,NA,NA,NA,NA,NA,NA,NA,NA,NA,NA,NA,NA,NA,NA,NA,"Ingrediënten: doperwt, water. Waarvan toegevoegde suikers 0.00g per 100 gram en waarvan toegevoegd zout 0.00g per 100 gram",NA,NA,NA,https://static.ah.nl/dam/product/AHI_43545239393433333732?revLabel=1&rendition=200x200_JPG_Q85&fileType=binary,https://static.ah.nl/dam/product/AHI_43545239393433333732?revLabel=1&rendition=400x400_JPG_Q85&fileType=binary,https://static.ah.nl/dam/product/AHI_43545239393433333732?revLabel=1&rendition=800x800_JPG_Q90&fileType=binary
840,AH Hollandse bruine bonen,1.39,NA,"Aardappel, groente, fruit",Groente,"Sperziebonen, snijbonen en peulvruchten",Bruine bonen,NA,NA,800 g,104,439,1.1 g,0.7 g,0.4 g,14 g,0.5 g,6.8 g,6.2 g,0 g,NA,NA,NA,NA,NA,NA,NA,NA,NA,NA,NA,NA,NA,NA,NA,NA,NA,NA,NA,NA,NA,NA,NA,NA,NA,NA,NA,NA,NA,NA,NA,NA,NA,NA,NA,NA,NA,NA,NA,NA,NA,NA,NA,NA,NA,NA,NA,NA,NA,NA,NA,NA,NA,NA,NA,NA,NA,NA,NA,NA,NA,NA,NA,NA,NA,NA,NA,NA,NA,NA,NA,NA,NA,NA,NA,NA,NA,NA,"Ingrediënten: bruine boon, water, verstevigingsmiddel (calciumchloride [E509]), antioxidant (calciumdinatrium-EDTA [E385]). Waarvan toegevoegde suikers 0.00g per 100 gram en waarvan toegevoegd zout 0.00g per 100 gram",NA,NA,NA,https://static.ah.nl/dam/product/AHI_43545239383438353939?revLabel=1&rendition=200x200_JPG_Q85&fileType=binary,https://static.ah.nl/dam/product/AHI_43545239383438353939?revLabel=1&rendition=400x400_JPG_Q85&fileType=binary,https://static.ah.nl/dam/product/AHI_43545239383438353939?revLabel=1&rendition=800x800_JPG_Q90&fileType=binary
841,AH Hollandse bruine bonen,1.05,NA,"Aardappel, groente, fruit",Groente,"Sperziebonen, snijbonen en peulvruchten",Bruine bonen,NA,NA,680 g,104,439,1.1 g,0.7 g,0.4 g,14 g,0.5 g,6.8 g,6.2 g,0 g,NA,NA,NA,NA,NA,NA,NA,NA,NA,NA,NA,NA,NA,NA,NA,NA,NA,NA,NA,NA,NA,NA,NA,NA,NA,NA,NA,NA,NA,NA,NA,NA,NA,NA,NA,NA,NA,NA,NA,NA,NA,NA,NA,NA,NA,NA,NA,NA,NA,NA,NA,NA,NA,NA,NA,NA,NA,NA,NA,NA,NA,NA,NA,NA,NA,NA,NA,NA,NA,NA,NA,NA,NA,NA,NA,NA,NA,NA,"Ingrediënten: bruine boon, water, verstevigingsmiddel (calciumchloride [E509]), antioxidant (calciumdinatrium-EDTA [E385]). Waarvan toegevoegde suikers 0.00g per 100 gram en waarvan toegevoegd zout 0.00g per 100 gram",NA,NA,NA,https://static.ah.nl/dam/product/AHI_43545239383438363035?revLabel=1&rendition=200x200_JPG_Q85&fileType=binary,https://static.ah.nl/dam/product/AHI_43545239383438363035?revLabel=1&rendition=400x400_JPG_Q85&fileType=binary,https://static.ah.nl/dam/product/AHI_43545239383438363035?revLabel=1&rendition=800x800_JPG_Q90&fileType=binary
849,AH Hollandse bruine bonen,0.89,NA,"Aardappel, groente, fruit",Groente,"Sperziebonen, snijbonen en peulvruchten",Bruine bonen,NA,NA,360 g,120,506,0.7 g,0.1 g,0.5 g,18 g,0.9 g,7.9 g,6.5 g,0 g,NA,NA,NA,NA,NA,NA,NA,NA,NA,NA,NA,NA,NA,NA,NA,NA,NA,NA,NA,NA,NA,NA,NA,NA,NA,NA,NA,NA,NA,NA,NA,NA,NA,NA,NA,NA,NA,NA,NA,NA,NA,NA,NA,NA,NA,NA,NA,NA,NA,NA,NA,NA,NA,NA,NA,NA,NA,NA,NA,NA,NA,NA,NA,NA,NA,NA,NA,NA,NA,NA,NA,NA,NA,NA,NA,NA,NA,NA,"Ingrediënten: bruine boon, water, verstevigingsmiddel (calciumchloride [E509]), antioxidant (calciumdinatrium-EDTA [E385]). Waarvan toegevoegde suikers 0.00g per 100 gram en waarvan toegevoegd zout 0.00g per 100 gram",NA,NA,NA,https://static.ah.nl/dam/product/AHI_43545239383433353532?revLabel=1&rendition=200x200_JPG_Q85&fileType=binary,https://static.ah.nl/dam/product/AHI_43545239383433353532?revLabel=1&rendition=400x400_JPG_Q85&fileType=binary,https://static.ah.nl/dam/product/AHI_43545239383433353532?revLabel=1&rendition=800x800_JPG_Q90&fileType=binary
852,AH Partjes mandarijn op sap,1.29,NA,"Aardappel, groente, fruit",Fruit,Fruitconserven,Mandarijnen (conserven),NA,NA,300 g,44,185,0 g,0 g,0 g,9.6 g,8.7 g,1 g,0.8 g,0.03 g,NA,NA,NA,NA,NA,NA,NA,NA,NA,NA,NA,NA,NA,NA,NA,NA,NA,NA,NA,NA,NA,NA,NA,NA,NA,NA,NA,NA,NA,NA,NA,NA,NA,NA,NA,NA,NA,NA,NA,NA,NA,NA,NA,NA,NA,NA,NA,NA,NA,NA,NA,NA,NA,NA,NA,NA,NA,NA,NA,NA,NA,NA,NA,NA,NA,NA,NA,NA,NA,NA,NA,NA,NA,NA,NA,NA,NA,NA,"Ingrediënten: mandarijn, druivensap uit concentraat. Waarvan toegevoegde suikers 0.00g per 100 gram en waarvan toegevoegd zout 0.00g per 100 gram",NA,NA,NA,https://static.ah.nl/dam/product/AHI_43545239383438353937?revLabel=1&rendition=200x200_JPG_Q85&fileType=binary,https://static.ah.nl/dam/product/AHI_43545239383438353937?revLabel=1&rendition=400x400_JPG_Q85&fileType=binary,https://static.ah.nl/dam/product/AHI_43545239383438353937?revLabel=1&rendition=800x800_JPG_Q90&fileType=binary
857,AH Ananasschijven op sap,1.15,NA,"Aardappel, groente, fruit",Fruit,Fruitconserven,Ananas (conserven),NA,NA,227 g,57,243,0.1 g,0 g,0 g,13 g,13 g,1.6 g,0.3 g,0 g,NA,NA,NA,NA,NA,NA,NA,NA,NA,NA,NA,NA,NA,NA,NA,NA,NA,NA,NA,NA,NA,NA,NA,NA,NA,NA,NA,NA,NA,NA,NA,NA,NA,NA,NA,NA,NA,NA,NA,NA,NA,NA,NA,NA,NA,NA,NA,NA,NA,NA,NA,NA,NA,NA,NA,NA,NA,NA,NA,NA,NA,NA,NA,NA,NA,NA,NA,NA,NA,NA,NA,NA,NA,NA,NA,NA,NA,NA,"Ingrediënten: ananas, ananassap. Waarvan toegevoegde suikers 0.00g per 100 gram en waarvan toegevoegd zout 0.00g per 100 gram",NA,NA,NA,https://static.ah.nl/dam/product/AHI_43545239383735353631?revLabel=1&rendition=200x200_JPG_Q85&fileType=binary,https://static.ah.nl/dam/product/AHI_43545239383735353631?revLabel=1&rendition=400x400_JPG_Q85&fileType=binary,https://static.ah.nl/dam/product/AHI_43545239383735353631?revLabel=1&rendition=800x800_JPG_Q90&fileType=binary
893,AH Aardappel salade,1.99,NA,"Salades, pizza, maaltijden",Salades,"Huzarensalades, rundvleessalades en slaatjes",Aardappelsalade,NA,NA,600 g,177,738,12 g,1 g,11 g,15 g,3.7 g,1.3 g,1.7 g,1.03 g,NA,NA,NA,NA,NA,NA,NA,NA,NA,NA,NA,NA,NA,NA,NA,NA,NA,NA,NA,NA,NA,NA,NA,NA,NA,NA,NA,NA,NA,NA,NA,NA,NA,NA,NA,NA,NA,NA,NA,NA,NA,NA,NA,NA,NA,NA,NA,NA,NA,NA,NA,NA,NA,NA,NA,NA,NA,NA,NA,NA,NA,NA,NA,NA,NA,NA,NA,NA,NA,NA,NA,NA,NA,NA,NA,NA,NA,NA,"Ingrediënten: 63% aardappel, water, raapolie, ui, suiker, vrije-uitloopeigeel, zout, maïszetmeel, azijn, gemodificeerd maïszetmeel, specerijen (o.a. mosterd), conserveermiddel (kaliumsorbaat [E202], natriumbenzoaat [E211], natriumdisulfiet [E223]), verdikkingsmiddel (xanthaangom [E415], guarpitmeel [E412]), voedingszuur (melkzuur [E270]), kruiden, limoensapconcentraat, natuurlijke aroma's, glucosestroop, ui-extract. Waarvan toegevoegde suikers 2.7g per 100 gram en waarvan toegevoegd zout 1.01g per 100 gram","Eieren, Mosterd","Noten, Pinda's, Amandel, Walnoot",NA,https://static.ah.nl/dam/product/AHI_43545239383738343237?revLabel=1&rendition=200x200_JPG_Q85&fileType=binary,https://static.ah.nl/dam/product/AHI_43545239383738343237?revLabel=1&rendition=400x400_JPG_Q85&fileType=binary,https://static.ah.nl/dam/product/AHI_43545239383738343237?revLabel=1&rendition=800x800_JPG_Q90&fileType=binary
903,AH Mayonaise zacht en romig,1.19,NA,"Soepen, sauzen, kruiden, olie",Sauzen,"Snacksauzen, mayonaise",Mayonaise,Mayonaise (in pot),NA,360 ml,618,2544,67 g,5.4 g,60 g,2.8 g,2.8 g,0 g,1 g,0.78 g,NA,NA,NA,NA,NA,NA,NA,NA,NA,NA,NA,NA,NA,NA,NA,NA,NA,NA,NA,NA,NA,NA,NA,NA,NA,NA,NA,NA,NA,NA,NA,NA,NA,NA,NA,NA,NA,NA,NA,NA,NA,NA,NA,NA,NA,NA,NA,NA,NA,NA,NA,NA,NA,NA,NA,NA,NA,NA,NA,NA,NA,NA,NA,NA,NA,NA,NA,NA,NA,NA,NA,NA,NA,NA,NA,NA,NA,NA,"Ingrediënten: 68% raapolie, water, 6% vrije-uitloopeigeel, suiker, zout, specerijen (o.a. mosterd), azijn, voedingszuur (citroenzuur [E330]), verdikkingsmiddel (xanthaangom [E415]), aroma's (selderij), conserveermiddel (kaliumsorbaat [E202]), kleurstof (bèta-caroteen [E160a]), antioxidant (calciumdinatrium-EDTA [E385]). Waarvan toegevoegde suikers 2.8g per 100 milliliter en waarvan toegevoegd zout 0.78g per 100 milliliter","Eieren, Selderij, Mosterd",NA,NA,https://static.ah.nl/dam/product/AHI_43545239393537323237?revLabel=1&rendition=200x200_JPG_Q85&fileType=binary,https://static.ah.nl/dam/product/AHI_43545239393537323237?revLabel=1&rendition=400x400_JPG_Q85&fileType=binary,https://static.ah.nl/dam/product/AHI_43545239393537323237?revLabel=1&rendition=800x800_JPG_Q90&fileType=binary
904,AH Mayonaise zacht en romig,1.49,NA,"Soepen, sauzen, kruiden, olie",Sauzen,"Snacksauzen, mayonaise",Mayonaise,Mayonaise (in pot),NA,"0,65 l",618,2544,67 g,5.4 g,60 g,2.8 g,2.8 g,0 g,1 g,0.78 g,NA,NA,NA,NA,NA,NA,NA,NA,NA,NA,NA,NA,NA,NA,NA,NA,NA,NA,NA,NA,NA,NA,NA,NA,NA,NA,NA,NA,NA,NA,NA,NA,NA,NA,NA,NA,NA,NA,NA,NA,NA,NA,NA,NA,NA,NA,NA,NA,NA,NA,NA,NA,NA,NA,NA,NA,NA,NA,NA,NA,NA,NA,NA,NA,NA,NA,NA,NA,NA,NA,NA,NA,NA,NA,NA,NA,NA,NA,"Ingrediënten: 68% raapolie, water, 6% vrije-uitloopeigeel, suiker, zout, specerijen (o.a. mosterd), azijn, voedingszuur (citroenzuur [E330]), verdikkingsmiddel (xanthaangom [E415]), aroma's (selderij), conserveermiddel (kaliumsorbaat [E202]), kleurstof (bèta-caroteen [E160a]), antioxidant (calciumdinatrium-EDTA [E385]). Waarvan toegevoegde suikers 2.8g per 100 milliliter en waarvan toegevoegd zout 0.78g per 100 milliliter","Eieren, Selderij, Mosterd",NA,NA,https://static.ah.nl/dam/product/AHI_43545239393537323134?revLabel=1&rendition=200x200_JPG_Q85&fileType=binary,https://static.ah.nl/dam/product/AHI_43545239393537323134?revLabel=1&rendition=400x400_JPG_Q85&fileType=binary,https://static.ah.nl/dam/product/AHI_43545239393537323134?revLabel=1&rendition=800x800_JPG_Q90&fileType=binary
906,AH Zonnebloemolie,1.55,NA,"Pasta, rijst en wereldkeuken","Olie, frituurvet, azijn",Zonnebloemolie,NA,NA,NA,1 l,828,3404,92 g,10 g,82 g,0 g,0 g,0 g,0 g,0 g,NA,NA,NA,NA,NA,NA,NA,NA,NA,NA,NA,NA,NA,NA,NA,NA,NA,NA,NA,NA,NA,NA,NA,NA,NA,NA,NA,NA,NA,NA,NA,NA,NA,NA,NA,NA,NA,NA,NA,NA,NA,NA,NA,NA,NA,NA,NA,NA,NA,NA,NA,NA,NA,NA,NA,NA,NA,NA,NA,NA,NA,NA,NA,NA,NA,NA,NA,NA,NA,NA,NA,NA,NA,NA,NA,NA,NA,NA,Ingrediënten: zonnebloemolie. Waarvan toegevoegde suikers 0.00g per 100 milliliter en waarvan toegevoegd zout 0.00g per 100 milliliter,NA,NA,NA,https://static.ah.nl/dam/product/AHI_43545239373335363131?revLabel=1&rendition=200x200_JPG_Q85&fileType=binary,https://static.ah.nl/dam/product/AHI_43545239373335363131?revLabel=1&rendition=400x400_JPG_Q85&fileType=binary,https://static.ah.nl/dam/product/AHI_43545239373335363131?revLabel=1&rendition=800x800_JPG_Q90&fileType=binary
910,AH Augurken zoetzuur,0.89,NA,"Aardappel, groente, fruit",Groente,Groenteconserven,"Augurken, uitjes",Augurken,NA,670 g,34,144,0.2 g,0.1 g,0.1 g,6.3 g,6.3 g,0.9 g,0.6 g,0.7 g,NA,NA,NA,NA,NA,NA,NA,NA,NA,NA,NA,NA,NA,NA,NA,NA,NA,NA,NA,NA,NA,NA,NA,NA,NA,NA,NA,NA,NA,NA,NA,NA,NA,NA,NA,NA,NA,NA,NA,NA,NA,NA,NA,NA,NA,NA,NA,NA,NA,NA,NA,NA,NA,NA,NA,NA,NA,NA,NA,NA,NA,NA,NA,NA,NA,NA,NA,NA,NA,NA,NA,NA,NA,NA,NA,NA,NA,NA,"Ingrediënten: augurk, water, suiker, azijn, zout, mosterdzaad, gedroogde groente (ui, paprika), verstevigingsmiddel (calciumchloride [E509]), aroma's. Waarvan toegevoegde suikers 4.9g per 100 gram en waarvan toegevoegd zout 0.70g per 100 gram",Mosterd,NA,NA,https://static.ah.nl/dam/product/AHI_43545239363338373934?revLabel=1&rendition=200x200_JPG_Q85&fileType=binary,https://static.ah.nl/dam/product/AHI_43545239363338373934?revLabel=1&rendition=400x400_JPG_Q85&fileType=binary,https://static.ah.nl/dam/product/AHI_43545239363338373934?revLabel=1&rendition=800x800_JPG_Q90&fileType=binary
913,AH Zilveruitjes zoetzuur,0.75,NA,"Aardappel, groente, fruit",Groente,Groenteconserven,"Augurken, uitjes",Zilveruitjes,NA,320 g,34,142,0.2 g,0 g,0.2 g,5 g,4.6 g,1.5 g,1.5 g,0.7 g,NA,NA,NA,NA,NA,NA,NA,NA,NA,NA,NA,NA,NA,NA,NA,NA,NA,NA,NA,NA,NA,NA,NA,NA,NA,NA,NA,NA,NA,NA,NA,NA,NA,NA,NA,NA,NA,NA,NA,NA,NA,NA,NA,NA,NA,NA,NA,NA,NA,NA,NA,NA,NA,NA,NA,NA,NA,NA,NA,NA,NA,NA,NA,NA,NA,NA,NA,NA,NA,NA,NA,NA,NA,NA,NA,NA,NA,NA,"Ingrediënten: zilverui, water, azijn, suiker, zout, antioxidant (natriumdisulfiet [E223]), aroma's. Waarvan toegevoegde suikers 2.3g per 100 gram en waarvan toegevoegd zout 0.70g per 100 gram",Sulfieten,NA,NA,https://static.ah.nl/dam/product/AHI_4354523130303934373539?revLabel=1&rendition=200x200_JPG_Q85&fileType=binary,https://static.ah.nl/dam/product/AHI_4354523130303934373539?revLabel=1&rendition=400x400_JPG_Q85&fileType=binary,https://static.ah.nl/dam/product/AHI_4354523130303934373539?revLabel=1&rendition=800x800_JPG_Q90&fileType=binary
914,AH Augurken partysticks zoetzuur,1.19,NA,"Aardappel, groente, fruit",Groente,Groenteconserven,"Augurken, uitjes",Augurken,NA,670 g,30,128,0.2 g,0.1 g,0.1 g,5.4 g,5.4 g,0.9 g,0.6 g,0.7 g,NA,NA,NA,NA,NA,NA,NA,NA,NA,NA,NA,NA,NA,NA,NA,NA,NA,NA,NA,NA,NA,NA,NA,NA,NA,NA,NA,NA,NA,NA,NA,NA,NA,NA,NA,NA,NA,NA,NA,NA,NA,NA,NA,NA,NA,NA,NA,NA,NA,NA,NA,NA,NA,NA,NA,NA,NA,NA,NA,NA,NA,NA,NA,NA,NA,NA,NA,NA,NA,NA,NA,NA,NA,NA,NA,NA,NA,NA,"Ingrediënten: augurk, water, azijn, suiker, zout, mosterdzaad, ui, zoetstof (sacharinen [E954]), aroma, kleurstof (riboflavine [E101]). Waarvan toegevoegde suikers 3.9g per 100 gram en waarvan toegevoegd zout 0.70g per 100 gram",Mosterd,NA,NA,https://static.ah.nl/dam/product/AHI_43545239363336363030?revLabel=1&rendition=200x200_JPG_Q85&fileType=binary,https://static.ah.nl/dam/product/AHI_43545239363336363030?revLabel=1&rendition=400x400_JPG_Q85&fileType=binary,https://static.ah.nl/dam/product/AHI_43545239363336363030?revLabel=1&rendition=800x800_JPG_Q90&fileType=binary
917,AH Augurken klein zoetzuur,0.75,NA,"Aardappel, groente, fruit",Groente,Groenteconserven,"Augurken, uitjes",Augurken,NA,340 g,38,159,0.2 g,0.04 g,0.07 g,8 g,7 g,0.5 g,0.7 g,0.7 g,NA,NA,NA,NA,NA,NA,NA,NA,NA,NA,NA,NA,NA,NA,NA,NA,NA,NA,NA,NA,NA,NA,NA,NA,NA,NA,NA,NA,NA,NA,NA,NA,NA,NA,NA,NA,NA,NA,NA,NA,NA,NA,NA,NA,NA,NA,NA,NA,NA,NA,NA,NA,NA,NA,NA,NA,NA,NA,NA,NA,NA,NA,NA,NA,NA,NA,NA,NA,NA,NA,NA,NA,NA,NA,NA,NA,NA,NA,"Ingrediënten: 52% augurk, water, azijn, suiker, zout, mosterdzaad, groente (rode paprika, ui), verstevigingsmiddel (calciumchloride [E509]), natuurlijk aroma. Waarvan toegevoegde suikers 4.9g per 100 gram en waarvan toegevoegd zout 0.69g per 100 gram",Mosterd,NA,NA,https://static.ah.nl/dam/product/AHI_43545239393533393332?revLabel=1&rendition=200x200_JPG_Q85&fileType=binary,https://static.ah.nl/dam/product/AHI_43545239393533393332?revLabel=1&rendition=400x400_JPG_Q85&fileType=binary,https://static.ah.nl/dam/product/AHI_43545239393533393332?revLabel=1&rendition=800x800_JPG_Q90&fileType=binary
920,AH Rijkgevulde tomatensoep,1.99,NA,"Soepen, sauzen, kruiden, olie",Conserven,Soepen in blik,Tomatensoep in blik,NA,NA,800 ml,49,205,1.1 g,0.4 g,0.6 g,7.6 g,4.7 g,0.8 g,1.7 g,0.73 g,NA,NA,NA,NA,NA,NA,NA,NA,NA,NA,NA,NA,NA,NA,NA,NA,NA,NA,NA,NA,NA,NA,NA,NA,NA,NA,NA,NA,NA,NA,NA,NA,NA,NA,NA,NA,NA,NA,NA,NA,NA,NA,NA,NA,NA,NA,NA,NA,NA,NA,NA,NA,NA,NA,NA,NA,NA,NA,NA,NA,NA,NA,NA,NA,NA,NA,NA,NA,NA,NA,NA,NA,NA,NA,NA,NA,NA,NA,"Ingrediënten: 43% tomatenpuree, water, groente (10% tomaat, 1,8% ui, 0,6% prei), 3,5% varkensvleesᵃ, suiker, citroensap, durumtarwegriesmeel, gemodificeerd maïszetmeel, 0,7% rundvleesᵃ, zout, natuurlijk aroma, specerijen, varkenscollageen, varkenseiwit, raapolie, gehydrolyseerd plantaardig eiwit (zonnebloem, raap, maïs), scharrelei-eiwitpoeder, voedingszuur (citroenzuur [E330], melkzuur [E270]), laurier, kleurstof (carotenen [E160a], paprika-extract [E160c]), gistextract.ᵃBeter Leven keurmerk 1 ster. Waarvan toegevoegde suikers 2.3g per 100 milliliter en waarvan toegevoegd zout 0.62g per 100 milliliter","Eieren, Glutenbevattende Granen, Tarwe",NA,NA,https://static.ah.nl/dam/product/AHI_4354523130303437303431?revLabel=1&rendition=200x200_JPG_Q85&fileType=binary,https://static.ah.nl/dam/product/AHI_4354523130303437303431?revLabel=1&rendition=400x400_JPG_Q85&fileType=binary,https://static.ah.nl/dam/product/AHI_4354523130303437303431?revLabel=1&rendition=800x800_JPG_Q90&fileType=binary
921,AH Kippensoep,1.95,NA,"Soepen, sauzen, kruiden, olie",Conserven,Soepen in blik,Kippensoep in blik,NA,NA,800 ml,21,87,0.6 g,0.1 g,0.4 g,2.1 g,0.2 g,0.2 g,1.6 g,0.8 g,NA,NA,NA,NA,NA,NA,NA,NA,NA,NA,NA,NA,NA,NA,NA,NA,NA,NA,NA,NA,NA,NA,NA,NA,NA,NA,NA,NA,NA,NA,NA,NA,NA,NA,NA,NA,NA,NA,NA,NA,NA,NA,NA,NA,NA,NA,NA,NA,NA,NA,NA,NA,NA,NA,NA,NA,NA,NA,NA,NA,NA,NA,NA,NA,NA,NA,NA,NA,NA,NA,NA,NA,NA,NA,NA,NA,NA,NA,"Ingrediënten: water, 5,1% kippenvleesᵃ, groente (3,2% wortel, 1,1% prei), durumtarwegriesmeel, zout, gemodificeerd aardappelzetmeel, aardappelzetmeel, gistextract, kippenvet, scharrelei-eiwitpoeder, aroma, kaliumchloride (dieetzout), uienpoeder, bieslook, kleurstof (carotenen [E160a]), natuurlijk aroma.ᵃBeter Leven keurmerk 1 ster. Waarvan toegevoegde suikers 0.00g per 100 milliliter en waarvan toegevoegd zout 0.71g per 100 milliliter","Eieren, Glutenbevattende Granen, Tarwe",NA,NA,https://static.ah.nl/dam/product/AHI_4354523130303437303433?revLabel=1&rendition=200x200_JPG_Q85&fileType=binary,https://static.ah.nl/dam/product/AHI_4354523130303437303433?revLabel=1&rendition=400x400_JPG_Q85&fileType=binary,https://static.ah.nl/dam/product/AHI_4354523130303437303433?revLabel=1&rendition=800x800_JPG_Q90&fileType=binary
934,AH Erwtensoep,1.99,NA,"Soepen, sauzen, kruiden, olie",Conserven,Soepen in blik,Erwtensoep in blik,NA,NA,800 ml,89,373,3.1 g,1 g,2 g,9.2 g,1.1 g,2.8 g,4.7 g,0.75 g,NA,NA,NA,NA,NA,NA,NA,NA,NA,NA,NA,NA,NA,NA,NA,NA,NA,NA,NA,NA,NA,NA,NA,NA,NA,NA,NA,NA,NA,NA,NA,NA,NA,NA,NA,NA,NA,NA,NA,NA,NA,NA,NA,NA,NA,NA,NA,NA,NA,NA,NA,NA,NA,NA,NA,NA,NA,NA,NA,NA,NA,NA,NA,NA,NA,NA,NA,NA,NA,NA,NA,NA,NA,NA,NA,NA,NA,NA,"Ingrediënten: water, groente (22% spliterwt, 4,3% wortel, 3,6% doperwt, 3,2% prei, 2,2% ui), 7,9% varkensvleesᵃ, 4,7% aardappel, 4% erwtenpuree, gemodificeerd maïszetmeel, zout, varkenscollageenᵃ, varkenseiwit, raapolie, selderijblad, natuurlijk aroma (selderij), witte peper, stabilisator (difosfaten [E450]), gehydrolyseerd plantaardig eiwit (zonnebloem, raap, maïs), zuurteregelaar (glucono-delta-lacton [E575]), rookaroma, verdikkingsmiddel (cellulosegom [E466]), maltodextrine, voedingszuur (citroenzuur [E330]), antioxidant (natriumascorbaat [E301]), conserveermiddel (natriumnitriet [E250]), specerijenextract (capsicum, zwarte peper, koriander, gember), rook. Waarvan toegevoegde suikers 0.00g per 100 milliliter en waarvan toegevoegd zout 0.54g per 100 milliliter",Selderij,NA,NA,https://static.ah.nl/dam/product/AHI_43545239393437303136?revLabel=1&rendition=200x200_JPG_Q85&fileType=binary,https://static.ah.nl/dam/product/AHI_43545239393437303136?revLabel=1&rendition=400x400_JPG_Q85&fileType=binary,https://static.ah.nl/dam/product/AHI_43545239393437303136?revLabel=1&rendition=800x800_JPG_Q90&fileType=binary
935,AH Mix voor pannenkoeken naturel,0.75,NA,"Salades, pizza, maaltijden","Pannenkoeken, poffertjes",Pannenkoekenmix,Pannenkoekenmix (diverse),NA,NA,400 g,177,745,3.3 g,1.8 g,1.5 g,28 g,3.7 g,1.6 g,7.9 g,0.63 g,NA,NA,NA,NA,NA,NA,NA,NA,NA,NA,NA,NA,NA,NA,NA,NA,NA,NA,NA,NA,NA,NA,NA,NA,NA,NA,NA,NA,NA,NA,NA,NA,NA,NA,NA,NA,NA,NA,NA,NA,NA,NA,NA,NA,NA,NA,NA,NA,NA,NA,NA,NA,NA,NA,NA,NA,NA,NA,NA,NA,NA,NA,NA,NA,NA,NA,NA,NA,NA,NA,NA,NA,NA,NA,NA,NA,NA,NA,"Ingrediënten: tarwebloem, boekweitmeel, volkoren havermeel, gejodeerd zout, rijsmiddel (difosfaat [E450], natriumcarbonaat [E500]), tarwezetmeel. Waarvan toegevoegde suikers 0.00g per 100 gram en waarvan toegevoegd zout 0.37g per 100 gram","Glutenbevattende Granen, Haver, Tarwe","Eieren, Melk, Gerst, Spelt, Lactose, Lupine, Rogge",NA,https://static.ah.nl/dam/product/AHI_43545239363338373836?revLabel=1&rendition=200x200_JPG_Q85&fileType=binary,https://static.ah.nl/dam/product/AHI_43545239363338373836?revLabel=1&rendition=400x400_JPG_Q85&fileType=binary,https://static.ah.nl/dam/product/AHI_43545239363338373836?revLabel=1&rendition=800x800_JPG_Q90&fileType=binary
937,Vaseline Bodylotion essential healing,7.35,NA,Drogisterij,Lichaamsverzorging,Huidverzorging,Bodylotion en bodymilk,Bodylotion,Bodylotion alle huidtypes,200 ml,NA,NA,NA,NA,NA,NA,NA,NA,NA,NA,NA,NA,NA,NA,NA,NA,NA,NA,NA,NA,NA,NA,NA,NA,NA,NA,NA,NA,NA,NA,NA,NA,NA,NA,NA,NA,NA,NA,NA,NA,NA,NA,NA,NA,NA,NA,NA,NA,NA,NA,NA,NA,NA,NA,NA,NA,NA,NA,NA,NA,NA,NA,NA,NA,NA,NA,NA,NA,NA,NA,NA,NA,NA,NA,NA,NA,NA,NA,NA,NA,NA,NA,NA,NA,NA,NA,NA,NA,NA,"Hexylkaneelaldehyde (Hexylcinnamaldehyde), Geraniol, Kaneelalcohol, Benzylalcohol, Alpha-Amylcinnamaldehyde, Coumarine, Alfa-Isomethylionon, D-Limoneen, Citronellol, Linalool",NA,"Ingredients: Aqua, Glycerin, Stearic Acid, Isopropyl Myristate, Paraffinum Liquidum, Glyceryl Stearate, Glycol Stearate, Dimethicone, PEG-100 Stearate, Petrolatum, Cetyl Alcohol, Tapioca Starch, Phenoxyethanol, Magnesium Aluminum Silicate, Methylparaben, Acrylates/C10-30 Alkyl Acrylate Crosspolymer, Parfum, Sodium Hydroxide, Propylparaben, Xanthan Gum, Disodium EDTA, Stearamide AMP, Lactic Acid, Avena Sativa Straw Extract, Alpha-Isomethyl Ionone, Amyl Cinnamal, Benzyl Alcohol, Cinnamyl Alcohol, Citronellol, Coumarin, Geraniol, Hexyl Cinnamal, Limonene, Linalool.",https://static.ah.nl/dam/product/AHI_43545239393937333332?revLabel=1&rendition=200x200_JPG_Q85&fileType=binary,https://static.ah.nl/dam/product/AHI_43545239393937333332?revLabel=1&rendition=400x400_JPG_Q85&fileType=binary,https://static.ah.nl/dam/product/AHI_43545239393937333332?revLabel=1&rendition=800x800_JPG_Q90&fileType=binary
944,AH Mienestjes,1.19,NA,"Pasta, rijst en wereldkeuken","Pasta, rijst, noedels","Noedels, mie",Mie,NA,NA,500 g,351,1487,1.5 g,0.1 g,1.4 g,72 g,3.5 g,2.5 g,11 g,0.03 g,NA,NA,NA,NA,NA,NA,NA,NA,NA,NA,NA,NA,NA,NA,NA,NA,NA,NA,NA,NA,NA,NA,NA,NA,NA,NA,NA,NA,NA,NA,NA,NA,NA,NA,NA,NA,NA,NA,NA,NA,NA,NA,NA,NA,NA,NA,NA,NA,NA,NA,NA,NA,NA,NA,NA,NA,NA,NA,NA,NA,NA,NA,NA,NA,NA,NA,NA,NA,NA,NA,NA,NA,NA,NA,NA,NA,NA,NA,"Ingrediënten: tarwebloem, durumtarwegriesmeel. Waarvan toegevoegde suikers 0.00g per 100 gram en waarvan toegevoegd zout 0.00g per 100 gram","Glutenbevattende Granen, Tarwe","Eieren, Soja",NA,https://static.ah.nl/dam/product/AHI_4354523130303737353832?revLabel=1&rendition=200x200_JPG_Q85&fileType=binary,https://static.ah.nl/dam/product/AHI_4354523130303737353832?revLabel=1&rendition=400x400_JPG_Q85&fileType=binary,https://static.ah.nl/dam/product/AHI_4354523130303737353832?revLabel=1&rendition=800x800_JPG_Q90&fileType=binary
948,AH Witte snelkook rijst,0.99,NA,"Pasta, rijst en wereldkeuken","Pasta, rijst, noedels",Rijst,Witte rijst,NA,NA,400 g,354,1504,1 g,0.4 g,0.7 g,80 g,0 g,1.1 g,5.8 g,0 g,NA,NA,NA,NA,NA,NA,NA,NA,NA,NA,NA,NA,NA,NA,NA,NA,NA,NA,NA,NA,NA,NA,NA,NA,NA,NA,NA,NA,NA,NA,NA,NA,NA,NA,NA,NA,NA,NA,NA,NA,NA,NA,NA,NA,NA,NA,NA,NA,NA,NA,NA,NA,NA,NA,NA,NA,NA,NA,NA,NA,NA,NA,NA,NA,NA,NA,NA,NA,NA,NA,NA,NA,NA,NA,NA,NA,NA,NA,Ingrediënten: rijst. Waarvan toegevoegde suikers 0.00g per 100 gram en waarvan toegevoegd zout 0.00g per 100 gram,NA,NA,NA,https://static.ah.nl/dam/product/AHI_43545239393039393731?revLabel=1&rendition=200x200_JPG_Q85&fileType=binary,https://static.ah.nl/dam/product/AHI_43545239393039393731?revLabel=1&rendition=400x400_JPG_Q85&fileType=binary,https://static.ah.nl/dam/product/AHI_43545239393039393731?revLabel=1&rendition=800x800_JPG_Q90&fileType=binary
951,AH Patent tarwebloem,0.89,NA,"Pasta, rijst en wereldkeuken",Bakbenodigdheden,"Basismeel, bloem",Tarwebloem,NA,NA,1 kg,343,1453,1 g,0.1 g,0.6 g,72 g,0.7 g,2.8 g,10 g,0 g,NA,NA,NA,NA,NA,NA,NA,NA,NA,NA,NA,NA,NA,NA,NA,NA,NA,NA,NA,NA,NA,NA,NA,NA,NA,NA,NA,NA,NA,NA,NA,NA,NA,NA,NA,NA,NA,NA,NA,NA,NA,NA,NA,NA,NA,NA,NA,NA,NA,NA,NA,NA,NA,NA,NA,NA,NA,NA,NA,NA,NA,NA,NA,NA,NA,NA,NA,NA,NA,NA,NA,NA,NA,NA,NA,NA,NA,NA,Ingrediënten:  Waarvan toegevoegde suikers 0.00g per 100 gram en waarvan toegevoegd zout 0.00g per 100 gram,"Glutenbevattende Granen, Tarwe","Spelt, Rogge",NA,https://static.ah.nl/dam/product/AHI_434d50303133303535?revLabel=2&rendition=200x200_JPG_Q85&fileType=binary,https://static.ah.nl/dam/product/AHI_434d50303133303535?revLabel=2&rendition=400x400_JPG_Q85&fileType=binary,https://static.ah.nl/dam/product/AHI_434d50303133303535?revLabel=2&rendition=800x800_JPG_Q90&fileType=binary
952,AH Patent tarwebloem,0.55,NA,"Pasta, rijst en wereldkeuken",Bakbenodigdheden,"Basismeel, bloem",Tarwebloem,NA,NA,500 g,343,1453,1 g,0.1 g,0.6 g,72 g,0.7 g,2.8 g,10 g,0 g,NA,NA,NA,NA,NA,NA,NA,NA,NA,NA,NA,NA,NA,NA,NA,NA,NA,NA,NA,NA,NA,NA,NA,NA,NA,NA,NA,NA,NA,NA,NA,NA,NA,NA,NA,NA,NA,NA,NA,NA,NA,NA,NA,NA,NA,NA,NA,NA,NA,NA,NA,NA,NA,NA,NA,NA,NA,NA,NA,NA,NA,NA,NA,NA,NA,NA,NA,NA,NA,NA,NA,NA,NA,NA,NA,NA,NA,NA,Ingrediënten: tarwebloem. Waarvan toegevoegde suikers 0.00g per 100 gram en waarvan toegevoegd zout 0.00g per 100 gram,"Glutenbevattende Granen, Tarwe","Haver, Spelt, Rogge",NA,https://static.ah.nl/dam/product/AHI_43545239363730323335?revLabel=2&rendition=200x200_JPG_Q85&fileType=binary,https://static.ah.nl/dam/product/AHI_43545239363730323335?revLabel=2&rendition=400x400_JPG_Q85&fileType=binary,https://static.ah.nl/dam/product/AHI_43545239363730323335?revLabel=2&rendition=800x800_JPG_Q90&fileType=binary
953,AH Zelfrijzend bakmeel,0.59,NA,"Pasta, rijst en wereldkeuken",Bakbenodigdheden,"Basismeel, bloem",(Zelfrijzend) bakmeel,NA,NA,500 g,340,1441,1.4 g,0.4 g,1.1 g,68 g,0.6 g,3.7 g,12 g,1.63 g,NA,NA,NA,NA,NA,NA,NA,NA,NA,NA,NA,NA,NA,NA,NA,NA,NA,NA,NA,NA,NA,NA,NA,NA,NA,NA,NA,NA,NA,NA,NA,NA,NA,NA,NA,NA,NA,NA,NA,NA,NA,NA,NA,NA,NA,NA,NA,NA,NA,NA,NA,NA,NA,NA,NA,NA,NA,NA,NA,NA,NA,NA,NA,NA,NA,NA,NA,NA,NA,NA,NA,NA,NA,NA,NA,NA,NA,NA,"Ingrediënten: tarwebloem, rijsmiddel (difosfaat [E450], natriumcarbonaat [E500]), tarwezetmeel. Waarvan toegevoegde suikers 0.00g per 100 gram en waarvan toegevoegd zout 0.00g per 100 gram","Glutenbevattende Granen, Tarwe","Gerst, Haver, Spelt, Rogge",NA,https://static.ah.nl/dam/product/AHI_434d50313232363730?revLabel=3&rendition=200x200_JPG_Q85&fileType=binary,https://static.ah.nl/dam/product/AHI_434d50313232363730?revLabel=3&rendition=400x400_JPG_Q85&fileType=binary,https://static.ah.nl/dam/product/AHI_434d50313232363730?revLabel=3&rendition=800x800_JPG_Q90&fileType=binary
954,AH Paneermeel naturel beschuit,0.59,NA,"Pasta, rijst en wereldkeuken",Bakbenodigdheden,Paneermeel,Paneermeel (naturel),NA,NA,150 g,365,1545,2.7 g,1.1 g,1.5 g,71 g,6 g,4.2 g,12 g,1.68 g,NA,NA,NA,NA,NA,NA,NA,NA,NA,NA,NA,NA,NA,NA,NA,NA,NA,NA,NA,NA,NA,NA,NA,NA,NA,NA,NA,NA,NA,NA,NA,NA,NA,NA,NA,NA,NA,NA,NA,NA,NA,NA,NA,NA,NA,NA,NA,NA,NA,NA,NA,NA,NA,NA,NA,NA,NA,NA,NA,NA,NA,NA,NA,NA,NA,NA,NA,NA,NA,NA,NA,NA,NA,NA,NA,NA,NA,NA,"Ingrediënten: tarwebloem, tarwemeel, gist, glucosestroop, suiker, scharrelei, zout, gejodeerd zout, plantaardige olie (palm, raap), emulgator (sojalecithine [E322], natriumstearoyl-2-lactylaat [E481]), moutmeel (tarwe, rogge, gerst), antioxidant (ascorbinezuur [E300]), tarwegluten, erwteneiwit, ijzer, vitaminen (B1, B2, B3, foliumzuur).  Waarvan toegevoegde suikers 6.0g per 100 gram en waarvan toegevoegd zout 1.24g per 100 gram","Eieren, Glutenbevattende Granen, Soja, Gerst, Rogge, Tarwe","Melk, Sesamzaad, Mosterd, Lactose",NA,https://static.ah.nl/dam/product/AHI_43545239363730323330?revLabel=1&rendition=200x200_JPG_Q85&fileType=binary,https://static.ah.nl/dam/product/AHI_43545239363730323330?revLabel=1&rendition=400x400_JPG_Q85&fileType=binary,https://static.ah.nl/dam/product/AHI_43545239363730323330?revLabel=1&rendition=800x800_JPG_Q90&fileType=binary
962,AH Pepermunt,1.59,NA,"Snoep, chocolade, koek","Pepermunt, keelpastilles",Pepermunt,"Rol, zakje pepermunt",NA,NA,250 g,398,1692,0 g,0 g,0 g,99 g,99 g,0 g,0.5 g,0 g,NA,NA,NA,NA,NA,NA,NA,NA,NA,NA,NA,NA,NA,NA,NA,NA,NA,NA,NA,NA,NA,NA,NA,NA,NA,NA,NA,NA,NA,NA,NA,NA,NA,NA,NA,NA,NA,NA,NA,NA,NA,NA,NA,NA,NA,NA,NA,NA,NA,NA,NA,NA,NA,NA,NA,NA,NA,NA,NA,NA,NA,NA,NA,NA,NA,NA,NA,NA,NA,NA,NA,NA,NA,NA,NA,NA,NA,NA,"Ingrediënten: suiker, rundergelatine, gemodificeerd aardappelzetmeel, natuurlijk muntaroma. Waarvan toegevoegde suikers 99g per 100 gram en waarvan toegevoegd zout 0.00g per 100 gram",NA,NA,NA,https://static.ah.nl/dam/product/AHI_434d50323333393031?revLabel=3&rendition=200x200_JPG_Q85&fileType=binary,https://static.ah.nl/dam/product/AHI_434d50323333393031?revLabel=3&rendition=400x400_JPG_Q85&fileType=binary,https://static.ah.nl/dam/product/AHI_434d50323333393031?revLabel=3&rendition=800x800_JPG_Q90&fileType=binary
992,Olay Dagcreme double action,10.99,NA,Drogisterij,Gezichtsverzorging,Gezichtscreme,Dagcreme,Dagcreme vrouw,NA,50 ml,NA,NA,NA,NA,NA,NA,NA,NA,NA,NA,NA,NA,NA,NA,NA,NA,NA,NA,NA,NA,NA,NA,NA,NA,NA,NA,NA,NA,NA,NA,NA,NA,NA,NA,NA,NA,NA,NA,NA,NA,NA,NA,NA,NA,NA,NA,NA,NA,NA,NA,NA,NA,NA,NA,NA,NA,NA,NA,NA,NA,NA,NA,NA,NA,NA,NA,NA,NA,NA,NA,NA,NA,NA,NA,NA,NA,NA,NA,NA,NA,NA,NA,NA,NA,NA,NA,NA,NA,NA,NA,NA,"Ingrediënten: Aqua, Glycerin, Ethylhexyl Methoxycinnamate, Cetyl Alcohol, Petrolatum, Cyclopentasiloxane, Stearyl Alcohol, Isopropyl Palmitate, BHT, Dimethicone, PEG/PPG-18/18 Dimethicone, Stearic Acid, Palmitic Acid, EDTA, Carbomer, Sodium Hydroxide, PEG-100 Stearate, Titanium Dioxide, Methylparaben, Propylparaben, Imidazolidinyl Urea, Parfum, Benzyl Benzoate, Alpha-Isomethyl Ionone, Citronellol, CI 14700",https://static.ah.nl/dam/product/AHI_4354523130303931363435?revLabel=1&rendition=200x200_JPG_Q85&fileType=binary,https://static.ah.nl/dam/product/AHI_4354523130303931363435?revLabel=1&rendition=400x400_JPG_Q85&fileType=binary,https://static.ah.nl/dam/product/AHI_4354523130303931363435?revLabel=1&rendition=800x800_JPG_Q90&fileType=binary
1015,Delicata Reep witte chocolade met vanille aroma,1.49,NA,"Snoep, chocolade, koek",Chocolade,Repen en tabletten,Witte chocolade repen,Witte chocolade,NA,100 g,549,2292,33 g,20 g,13 g,55 g,55 g,0 g,8 g,0.28 g,NA,NA,NA,NA,NA,NA,NA,NA,NA,NA,NA,NA,NA,NA,NA,NA,NA,NA,NA,NA,NA,NA,NA,NA,NA,NA,NA,NA,NA,NA,NA,NA,NA,NA,NA,NA,NA,NA,NA,NA,NA,NA,NA,NA,NA,NA,NA,NA,NA,NA,NA,NA,NA,NA,NA,NA,NA,NA,NA,NA,NA,NA,NA,NA,NA,NA,NA,NA,NA,NA,NA,NA,NA,NA,NA,NA,NA,NA,"Ingrediënten: suiker, vollemelkpoeder, cacaoboter°, emulgator (sojalecithine [E322]), natuurlijk vanillearoma. Waarvan toegevoegde suikers 44g per 100 gram en waarvan toegevoegd zout 0.00g per 100 gram °Rainforest Alliance gecertificeerd. Zie voor meer informatie ra.org  melkbestanddelen ten minste 29%.","Melk, Soja, Lactose","Noten, Amandel, Hazelnoot",NA,https://static.ah.nl/dam/product/AHI_43545239393130303234?revLabel=1&rendition=200x200_JPG_Q85&fileType=binary,https://static.ah.nl/dam/product/AHI_43545239393130303234?revLabel=1&rendition=400x400_JPG_Q85&fileType=binary,https://static.ah.nl/dam/product/AHI_43545239393130303234?revLabel=1&rendition=800x800_JPG_Q90&fileType=binary
1016,Delicata Reep melk chocolade,2.59,NA,"Snoep, chocolade, koek",Chocolade,Repen en tabletten,Melkchocolade repen,Melkchocolade,NA,200 g,553,2303,35 g,21 g,12 g,51 g,49 g,3.2 g,6.8 g,0.18 g,NA,NA,NA,NA,NA,NA,NA,NA,NA,NA,NA,NA,NA,NA,NA,NA,NA,NA,NA,NA,NA,NA,NA,NA,NA,NA,NA,NA,NA,NA,NA,NA,NA,NA,NA,NA,NA,NA,NA,NA,NA,NA,NA,NA,NA,NA,NA,NA,NA,NA,NA,NA,NA,NA,NA,NA,NA,NA,NA,NA,NA,NA,NA,NA,NA,NA,NA,NA,NA,NA,NA,NA,NA,NA,NA,NA,NA,NA,"Ingrediënten: suiker, vollemelkpoeder, cacaoboter°, cacaomassa°, melkvet, emulgator (sojalecithinen [E322]), natuurlijk vanillearoma. Waarvan toegevoegde suikers 43g per 100 gram en waarvan toegevoegd zout 0.00g per 100 gram Cacaobestanddelen ten minste 34%, melkbestanddelen ten minste 19%.  °Rainforest Alliance gecertificeerd. Zie voor meer informatie ra.org","Melk, Soja, Lactose","Eieren, Noten, Glutenbevattende Granen, Gerst, Amandel, Hazelnoot, Pecannoot, Pistachenoot, Tarwe",NA,https://static.ah.nl/dam/product/AHI_4354523130303739333439?revLabel=1&rendition=200x200_JPG_Q85&fileType=binary,https://static.ah.nl/dam/product/AHI_4354523130303739333439?revLabel=1&rendition=400x400_JPG_Q85&fileType=binary,https://static.ah.nl/dam/product/AHI_4354523130303739333439?revLabel=1&rendition=800x800_JPG_Q90&fileType=binary
1017,Delicata Reep pure chocolade,2.59,NA,"Snoep, chocolade, koek",Chocolade,Repen en tabletten,Pure chocolade repen,Pure chocolade,NA,200 g,543,2256,36 g,22 g,13 g,44 g,41 g,9.5 g,5.9 g,0.03 g,NA,NA,NA,NA,NA,NA,NA,NA,NA,NA,NA,NA,NA,NA,NA,NA,NA,NA,NA,NA,NA,NA,NA,NA,NA,NA,NA,NA,NA,NA,NA,NA,NA,NA,NA,NA,NA,NA,NA,NA,NA,NA,NA,NA,NA,NA,NA,NA,NA,NA,NA,NA,NA,NA,NA,NA,NA,NA,NA,NA,NA,NA,NA,NA,NA,NA,NA,NA,NA,NA,NA,NA,NA,NA,NA,NA,NA,NA,"Ingrediënten: cacaomassa°, suiker, cacaoboter°, emulgator (sojalecithinen [E322]), natuurlijk vanillearoma. Waarvan toegevoegde suikers 41g per 100 gram en waarvan toegevoegd zout 0.00g per 100 gram cacaobestanddelen ten minste 57%.  °Rainforest Alliance gecertificeerd. Zie voor meer informatie ra.org",Soja,"Eieren, Melk, Noten, Glutenbevattende Granen, Gerst, Lactose, Amandel, Hazelnoot, Pecannoot, Pistachenoot, Tarwe",NA,https://static.ah.nl/dam/product/AHI_4354523130303739333534?revLabel=1&rendition=200x200_JPG_Q85&fileType=binary,https://static.ah.nl/dam/product/AHI_4354523130303739333534?revLabel=1&rendition=400x400_JPG_Q85&fileType=binary,https://static.ah.nl/dam/product/AHI_4354523130303739333534?revLabel=1&rendition=800x800_JPG_Q90&fileType=binary
1018,Delicata Reep extra pure chocolade 70%,2.79,NA,"Snoep, chocolade, koek",Chocolade,Repen en tabletten,Pure chocolade repen,Pure chocolade,NA,200 g,538,2232,39 g,23 g,14 g,31 g,26 g,14 g,8.8 g,0.03 g,NA,NA,NA,NA,NA,NA,NA,NA,NA,NA,NA,NA,NA,NA,NA,NA,NA,NA,NA,NA,NA,NA,NA,NA,NA,NA,NA,NA,NA,NA,NA,NA,NA,NA,NA,NA,NA,NA,NA,NA,NA,NA,NA,NA,NA,NA,NA,NA,NA,NA,NA,NA,NA,NA,NA,NA,NA,NA,NA,NA,NA,NA,NA,NA,NA,NA,NA,NA,NA,NA,NA,NA,NA,NA,NA,NA,NA,NA,"Ingrediënten: cacaomassa°, suiker, magerecacaopoeder°, emulgator (sojalecithinen [E322]), natuurlijk vanillearoma. Waarvan toegevoegde suikers 26g per 100 gram en waarvan toegevoegd zout 0.00g per 100 gram cacaobestanddelen ten minste 70%.  °Rainforest Alliance gecertificeerd. Zie voor meer informatie ra.org",Soja,"Eieren, Melk, Noten, Glutenbevattende Granen, Gerst, Lactose, Amandel, Hazelnoot, Pecannoot, Pistachenoot, Tarwe",NA,https://static.ah.nl/dam/product/AHI_4354523130303739333537?revLabel=1&rendition=200x200_JPG_Q85&fileType=binary,https://static.ah.nl/dam/product/AHI_4354523130303739333537?revLabel=1&rendition=400x400_JPG_Q85&fileType=binary,https://static.ah.nl/dam/product/AHI_4354523130303739333537?revLabel=1&rendition=800x800_JPG_Q90&fileType=binary
1019,Delicata Reep melkchocolade hazelnoot,2.79,NA,"Snoep, chocolade, koek",Chocolade,Repen en tabletten,Melkchocolade repen,Melkchocolade met noten,NA,200 g,591,2458,42 g,17 g,23 g,42 g,38 g,4.8 g,8.9 g,0.15 g,NA,NA,NA,NA,NA,NA,NA,NA,NA,NA,NA,NA,NA,NA,NA,NA,NA,NA,NA,NA,NA,NA,NA,NA,NA,NA,NA,NA,NA,NA,NA,NA,NA,NA,NA,NA,NA,NA,NA,NA,NA,NA,NA,NA,NA,NA,NA,NA,NA,NA,NA,NA,NA,NA,NA,NA,NA,NA,NA,NA,NA,NA,NA,NA,NA,NA,NA,NA,NA,NA,NA,NA,NA,NA,NA,NA,NA,NA,"Ingrediënten: suiker, 25% hazelnoot°, cacaoboter°, vollemelkpoeder, cacaomassa°, melkvet, emulgator (sojalecithinen [E322]), natuurlijk vanillearoma. Waarvan toegevoegde suikers 32g per 100 gram en waarvan toegevoegd zout 0.00g per 100 gram Cacaobestanddelen ten minste 34%, melkbestanddelen ten minste 19%.  °Rainforest Alliance gecertificeerd. Zie voor meer informatie ra.org","Melk, Soja, Lactose, Hazelnoot","Eieren, Noten, Glutenbevattende Granen, Gerst, Amandel, Pecannoot, Pistachenoot, Tarwe",NA,https://static.ah.nl/dam/product/AHI_4354523130303739333633?revLabel=1&rendition=200x200_JPG_Q85&fileType=binary,https://static.ah.nl/dam/product/AHI_4354523130303739333633?revLabel=1&rendition=400x400_JPG_Q85&fileType=binary,https://static.ah.nl/dam/product/AHI_4354523130303739333633?revLabel=1&rendition=800x800_JPG_Q90&fileType=binary
1030,AH Roomboter karamel stroopwafels,2.49,NA,"Snoep, chocolade, koek",Koek,"Stroopwafel, stroopkoek, wafels",Stroopwafels,NA,NA,10 stuks,456,1911,21 g,14 g,7 g,62 g,34 g,2.5 g,3.5 g,0.7 g,NA,NA,NA,NA,NA,NA,NA,NA,NA,NA,NA,NA,NA,NA,NA,NA,NA,NA,NA,NA,NA,NA,NA,NA,NA,NA,NA,NA,NA,NA,NA,NA,NA,NA,NA,NA,NA,NA,NA,NA,NA,NA,NA,NA,NA,NA,NA,NA,NA,NA,NA,NA,NA,NA,NA,NA,NA,NA,NA,NA,NA,NA,NA,NA,NA,NA,NA,NA,NA,NA,NA,NA,NA,NA,NA,NA,NA,NA,"Ingrediënten: tarwebloem, 29% glucose-fructosestroop, 25% roomboter, suiker, 4,5% suikerstroop, tarwevezel, sojabloem, zout, rijsmiddel (natriumcarbonaat [E500]), emulgator (sojalecithine [E322]), kaneel, natuurlijk aroma, Bourbonvanille, voedingszuur (citroenzuur [E330]). Waarvan toegevoegde suikers 34g per 100 gram en waarvan toegevoegd zout 0.50g per 100 gram","Melk, Glutenbevattende Granen, Soja, Lactose, Tarwe",NA,NA,https://static.ah.nl/dam/product/AHI_43545239383533393733?revLabel=1&rendition=200x200_JPG_Q85&fileType=binary,https://static.ah.nl/dam/product/AHI_43545239383533393733?revLabel=1&rendition=400x400_JPG_Q85&fileType=binary,https://static.ah.nl/dam/product/AHI_43545239383533393733?revLabel=1&rendition=800x800_JPG_Q90&fileType=binary
1035,AH Lange vingers,1.29,NA,"Snoep, chocolade, koek",Koek,Lange vingers,NA,NA,NA,200 g,394,1668,2.9 g,0.6 g,1.4 g,84 g,52 g,1.1 g,7.3 g,0.1 g,NA,NA,NA,NA,NA,NA,NA,NA,NA,NA,NA,NA,NA,NA,NA,NA,NA,NA,NA,NA,NA,NA,NA,NA,NA,NA,NA,NA,NA,NA,NA,NA,NA,NA,NA,NA,NA,NA,NA,NA,NA,NA,NA,NA,NA,NA,NA,NA,NA,NA,NA,NA,NA,NA,NA,NA,NA,NA,NA,NA,NA,NA,NA,NA,NA,NA,NA,NA,NA,NA,NA,NA,NA,NA,NA,NA,NA,NA,"Ingrediënten: suiker, tarwebloem, scharrelei, rijsmiddel (ammoniumcarbonaat [E503], natriumcarbonaat [E500]), natuurlijk aroma. Waarvan toegevoegde suikers 51g per 100 gram en waarvan toegevoegd zout 0.00g per 100 gram","Eieren, Glutenbevattende Granen, Tarwe",NA,NA,https://static.ah.nl/dam/product/AHI_4354523130303732383733?revLabel=1&rendition=200x200_JPG_Q85&fileType=binary,https://static.ah.nl/dam/product/AHI_4354523130303732383733?revLabel=1&rendition=400x400_JPG_Q85&fileType=binary,https://static.ah.nl/dam/product/AHI_4354523130303732383733?revLabel=1&rendition=800x800_JPG_Q90&fileType=binary
1041,AH Biscuits volkoren met tarwebloem,0.85,NA,"Snoep, chocolade, koek",Koek,Biscuits,Theebiscuits,NA,NA,300 g,455,1909,16 g,1.3 g,14 g,66 g,18 g,6.1 g,8.6 g,0.6 g,NA,NA,NA,NA,NA,NA,NA,NA,NA,NA,NA,NA,NA,NA,NA,NA,NA,NA,NA,NA,NA,NA,NA,NA,NA,NA,NA,NA,NA,NA,NA,NA,NA,NA,NA,NA,NA,NA,NA,NA,NA,NA,NA,NA,NA,NA,NA,NA,NA,NA,NA,NA,NA,NA,NA,NA,NA,NA,NA,NA,NA,NA,NA,NA,NA,NA,NA,NA,NA,NA,NA,NA,NA,NA,NA,NA,NA,NA,"Ingrediënten: volkoren tarwemeel, tarwebloem, suiker, zonnebloemolie, invertsuikerstroop, rijsmiddel (natriumcarbonaten [E500], ammoniumcarbonaten [E503], citroenzuur [E330]), zout, natuurlijk aroma. Waarvan toegevoegde suikers 16g per 100 gram en waarvan toegevoegd zout 0.33g per 100 gram","Glutenbevattende Granen, Tarwe",NA,NA,https://static.ah.nl/dam/product/AHI_4354523130313034373831?revLabel=1&rendition=200x200_JPG_Q85&fileType=binary,https://static.ah.nl/dam/product/AHI_4354523130313034373831?revLabel=1&rendition=400x400_JPG_Q85&fileType=binary,https://static.ah.nl/dam/product/AHI_4354523130313034373831?revLabel=1&rendition=800x800_JPG_Q90&fileType=binary
1051,AH Kletskoppen met stukjes pinda,1.25,NA,"Snoep, chocolade, koek",Koek,Koffiekoekjes,NA,NA,NA,175 g,522,2182,28 g,7.9 g,20 g,55 g,37 g,3 g,11 g,0.4 g,NA,NA,NA,NA,NA,NA,NA,NA,NA,NA,NA,NA,NA,NA,NA,NA,NA,NA,NA,NA,NA,NA,NA,NA,NA,NA,NA,NA,NA,NA,NA,NA,NA,NA,NA,NA,NA,NA,NA,NA,NA,NA,NA,NA,NA,NA,NA,NA,NA,NA,NA,NA,NA,NA,NA,NA,NA,NA,NA,NA,NA,NA,NA,NA,NA,NA,NA,NA,NA,NA,NA,NA,NA,NA,NA,NA,NA,NA,"Ingrediënten: suiker, pinda, tarwebloem, plantaardige olie (palm, raap), glucosestroop, sojabloem, zout, kaneel, scharrelei-eiwit, emulgator (sojalechitine [E322], mono- en diglyceriden van vetzuren [E471]), mageremelkpoeder, natuurlijke aroma (melk), verdikkingsmiddel (xanthaangom [E415], cellulosegom [E466]), rijsmiddel (natriumcarbonaat [E500]), zuurteregelaar (citroenzuur [E330]). Waarvan toegevoegde suikers 31g per 100 gram en waarvan toegevoegd zout 0.40g per 100 gram","Eieren, Melk, Pinda's, Glutenbevattende Granen, Soja, Lactose, Tarwe","Noten, Haver, Amandel, Cashewnoot, Hazelnoot, Macadamianoot, Pistachenoot, Walnoot",NA,https://static.ah.nl/dam/product/AHI_43545239383533333934?revLabel=1&rendition=200x200_JPG_Q85&fileType=binary,https://static.ah.nl/dam/product/AHI_43545239383533333934?revLabel=1&rendition=400x400_JPG_Q85&fileType=binary,https://static.ah.nl/dam/product/AHI_43545239383533333934?revLabel=1&rendition=800x800_JPG_Q90&fileType=binary
1055,AH Amandelspeculaas,1.99,NA,"Snoep, chocolade, koek",Koek,Speculaas,NA,NA,NA,400 g,502,2104,23 g,9 g,14 g,66 g,28 g,2.5 g,6.5 g,0.9 g,NA,NA,NA,NA,NA,NA,NA,NA,NA,NA,NA,NA,NA,NA,NA,NA,NA,NA,NA,NA,NA,NA,NA,NA,NA,NA,NA,NA,NA,NA,NA,NA,NA,NA,NA,NA,NA,NA,NA,NA,NA,NA,NA,NA,NA,NA,NA,NA,NA,NA,NA,NA,NA,NA,NA,NA,NA,NA,NA,NA,NA,NA,NA,NA,NA,NA,NA,NA,NA,NA,NA,NA,NA,NA,NA,NA,NA,NA,"Ingrediënten: tarwebloem, suiker, plantaardige olie (palm, raap, kokos), amandelschaafsel, 1,3% speculaaskruiden, rijsmiddel (difosfaat [E450], natriumcarbonaat [E500], ammoniumcarbonaat [E503]), glucosestroop, zout, kandijsuiker, invertsuikerstroop, sinaasappelschil, vegetarisch weipoeder, scharrelei. Waarvan toegevoegde suikers 26g per 100 gram en waarvan toegevoegd zout 0.22g per 100 gram","Eieren, Melk, Noten, Glutenbevattende Granen, Lactose, Amandel, Tarwe","Pinda's, Gerst, Haver, Spelt, Rogge, Hazelnoot",NA,https://static.ah.nl/dam/product/AHI_43545239383735353730?revLabel=1&rendition=200x200_JPG_Q85&fileType=binary,https://static.ah.nl/dam/product/AHI_43545239383735353730?revLabel=1&rendition=400x400_JPG_Q85&fileType=binary,https://static.ah.nl/dam/product/AHI_43545239383735353730?revLabel=1&rendition=800x800_JPG_Q90&fileType=binary
1057,AH Roomboter kletsmajoors,2.39,NA,"Snoep, chocolade, koek",Koek,Koffiekoekjes,NA,NA,NA,185 g,517,2163,26 g,17 g,8.5 g,65 g,35 g,1.4 g,5 g,0.43 g,NA,NA,NA,NA,NA,NA,NA,NA,NA,NA,NA,NA,NA,NA,NA,NA,NA,NA,NA,NA,NA,NA,NA,NA,NA,NA,NA,NA,NA,NA,NA,NA,NA,NA,NA,NA,NA,NA,NA,NA,NA,NA,NA,NA,NA,NA,NA,NA,NA,NA,NA,NA,NA,NA,NA,NA,NA,NA,NA,NA,NA,NA,NA,NA,NA,NA,NA,NA,NA,NA,NA,NA,NA,NA,NA,NA,NA,NA,"Ingrediënten: tarwebloem, suiker, 28% roomboter, glucosestroop, glucose-fructosestroop, mageremelkpoeder, zout, rijsmiddel (natriumcarbonaat [E500]). Waarvan toegevoegde suikers 34g per 100 gram en waarvan toegevoegd zout 0.30g per 100 gram","Melk, Glutenbevattende Granen, Lactose, Tarwe","Eieren, Noten, Amandel, Hazelnoot, Macadamianoot, Pecannoot",NA,https://static.ah.nl/dam/product/AHI_43545239383630353530?revLabel=1&rendition=200x200_JPG_Q85&fileType=binary,https://static.ah.nl/dam/product/AHI_43545239383630353530?revLabel=1&rendition=400x400_JPG_Q85&fileType=binary,https://static.ah.nl/dam/product/AHI_43545239383630353530?revLabel=1&rendition=800x800_JPG_Q90&fileType=binary
1077,AH Trio zoutjes sesam- & maanzaad,0.95,NA,"Chips, noten, toast, popcorn",Zoutjes,Zoutjes-crackers,NA,NA,NA,125 g,473,1982,20 g,10 g,10 g,62 g,6.1 g,2.3 g,10 g,1.98 g,NA,NA,6.1 g,3.9 g,0 g,NA,NA,NA,NA,NA,NA,NA,NA,NA,NA,NA,NA,NA,NA,NA,NA,NA,NA,NA,NA,NA,NA,NA,NA,NA,NA,NA,NA,NA,NA,NA,NA,NA,NA,NA,NA,NA,NA,NA,NA,NA,NA,NA,NA,NA,NA,NA,NA,NA,NA,NA,NA,NA,NA,NA,NA,NA,NA,NA,NA,NA,NA,NA,NA,NA,NA,NA,NA,NA,NA,NA,NA,NA,"Ingrediënten: tarwebloem, plantaardige olie (palmolie, palm kernal oil), glucosestroop, 5% sesamzaad, 3% maanzaad, zout, gemoute gerstextract, gistextractpoeder, rijsmiddel (E500, E450, E503), dieetzout (kaliumchloride). Waarvan toegevoegde suikers 5.6g per 100 gram","Sesamzaad, Glutenbevattende Granen, Tarwe","Eieren, Melk, Gerst, Lactose, Rogge",NA,https://static.ah.nl/dam/product/AHI_434d50303538313339?revLabel=2&rendition=200x200_JPG_Q85&fileType=binary,https://static.ah.nl/dam/product/AHI_434d50303538313339?revLabel=2&rendition=400x400_JPG_Q85&fileType=binary,https://static.ah.nl/dam/product/AHI_434d50303538313339?revLabel=2&rendition=800x800_JPG_Q90&fileType=binary
1101,AH Halfvolle koffiemelk,0.95,NA,"Zuivel, eieren, boter","Koffiemelk, koffieroom, koffiecreamers",Koffiemelk,NA,NA,NA,186 ml,116,487,4.3 g,3 g,1.3 g,12 g,12 g,0 g,7.3 g,0.25 g,NA,NA,1.1 g,0.2 g,NA,NA,NA,NA,NA,NA,NA,NA,NA,NA,NA,NA,NA,NA,NA,NA,NA,NA,NA,NA,NA,NA,NA,NA,NA,NA,NA,NA,NA,NA,NA,NA,NA,NA,NA,NA,NA,NA,NA,NA,NA,NA,NA,NA,NA,NA,NA,NA,NA,NA,NA,NA,NA,NA,NA,NA,NA,NA,NA,NA,NA,NA,NA,NA,NA,NA,NA,NA,NA,NA,NA,NA,NA,NA,"Ingrediënten: halfvolle melk, stabilisator (E339, E407). Waarvan toegevoegde suikers 0.00g per 100 milliliter","Melk, Lactose",NA,NA,https://static.ah.nl/dam/product/AHI_43545239373232363133?revLabel=1&rendition=200x200_JPG_Q85&fileType=binary,https://static.ah.nl/dam/product/AHI_43545239373232363133?revLabel=1&rendition=400x400_JPG_Q85&fileType=binary,https://static.ah.nl/dam/product/AHI_43545239373232363133?revLabel=1&rendition=800x800_JPG_Q90&fileType=binary
1102,AH Koffieroom,1.09,NA,"Zuivel, eieren, boter","Koffiemelk, koffieroom, koffiecreamers",Koffieroom,NA,NA,NA,185 ml,207,856,20 g,13 g,7.1 g,3.7 g,3.7 g,0 g,3.1 g,0.23 g,NA,NA,6.1 g,1 g,NA,NA,NA,NA,NA,NA,NA,NA,NA,NA,NA,NA,NA,NA,NA,NA,NA,NA,NA,NA,NA,NA,NA,NA,NA,NA,NA,NA,NA,NA,NA,NA,NA,NA,NA,NA,NA,NA,NA,NA,NA,NA,NA,NA,NA,NA,NA,NA,NA,NA,NA,NA,NA,NA,NA,NA,NA,NA,NA,NA,NA,NA,NA,NA,NA,NA,NA,NA,NA,NA,NA,NA,NA,NA,"Ingrediënten: room, melkeiwit, stabilisator (E331, E339, E407), zuurteregelaar (E500).","Melk, Lactose",NA,NA,https://static.ah.nl/dam/product/AHI_434d50303133303539?revLabel=2&rendition=200x200_JPG_Q85&fileType=binary,https://static.ah.nl/dam/product/AHI_434d50303133303539?revLabel=2&rendition=400x400_JPG_Q85&fileType=binary,https://static.ah.nl/dam/product/AHI_434d50303133303539?revLabel=2&rendition=800x800_JPG_Q90&fileType=binary